"","title","code","audience_male","audience_female"
"1","그린 북","171539","34%","66%"
"2","가버나움","174830","33%","67%"
"3","디지몬 어드벤처 라스트 에볼루션 : 인연","192613",NA,NA
"4","먼 훗날 우리","175092",NA,NA
"5","베일리 어게인","144906","31%","69%"
"6","극장판 바이올렛 에버가든","196843","70%","30%"
"7","아일라","169240","37%","63%"
"8","원더","151196","29%","71%"
"9","포드 V 페라리","181710","67%","33%"
"10","당갈","157243","23%","77%"
"11","주전장","179518","41%","59%"
"12","부활: 그 증거","194334","24%","76%"
"13","쇼생크 탈출","17421","53%","47%"
"14","터미네이터 2:오리지널","10200","79%","21%"
"15","덕구","154667","36%","64%"
"16","라이언 일병 구하기","18988",NA,NA
"17","보헤미안 랩소디","156464","43%","57%"
"18","월-E","69105",NA,NA
"19","나 홀로 집에","10016",NA,NA
"20","사운드 오브 뮤직","10102","20%","80%"
"21","클래식","35939","50%","50%"
"22","헬프","82432",NA,NA
"23","인생은 아름다워","22126","46%","54%"
"24","매트릭스","24452","50%","50%"
"25","포레스트 검프","17159","46%","54%"
"26","빽 투 더 퓨쳐","10002","45%","55%"
"27","살인의 추억","35901","65%","35%"
"28","위대한 쇼맨","106360","41%","59%"
"29","글래디에이터","29217",NA,NA
"30","소년시절의 너","192066","34%","66%"
"31","센과 치히로의 행방불명","32686","31%","69%"
"32","타이타닉","18847","39%","61%"
"33","토이 스토리 3","66463",NA,NA
"34","그대, 고맙소 : 김호중 생애 첫 팬미팅 무비","196828",NA,NA
"35","어벤져스: 엔드게임","136900","62%","38%"
"36","알라딘","163788","36%","64%"
"37","헌터 킬러","92125","83%","17%"
"38","죽은 시인의 사회","10048","31%","69%"
"39","캐스트 어웨이","31162",NA,NA
"40","레옹","17170","22%","78%"
"41","동주","134899","36%","64%"
"42","반지의 제왕: 왕의 귀환","31796",NA,NA
"43","히든 피겨스","147092","31%","69%"
"44","아이 캔 스피크","161850","37%","63%"
"45","아이즈 온 미 : 더 무비","189027",NA,NA
"46","집으로...","34324","43%","57%"
"47","쉰들러 리스트","14450","41%","59%"
"48","서유기 2 - 선리기연","18543",NA,NA
"49","클레멘타인","37886",NA,NA
"50","여인의 향기","12482",NA,NA
"51","안녕 베일리","181700","50%","50%"
"52","굿바이 마이 프랜드","17541",NA,NA
"53","주토피아","130850","36%","64%"
"54","달링","152655","41%","59%"
"55","굿 윌 헌팅","19079","42%","58%"
"56","트루먼 쇼","19099","58%","42%"
"57","브레이크 더 사일런스: 더 무비","195975",NA,NA
"58","모노노케 히메","19303","100%","21%"
"59","에이리언 2","10038",NA,NA
"60","세 얼간이","73372",NA,NA
"61","미스 슬로운","142632","26%","74%"
"62","울지마 톤즈","76667","100%","16%"
"63","다시 태어나도 우리","154573","28%","72%"
"64","지금, 만나러 갑니다","39636","57%","43%"
"65","지상의 별처럼","51172",NA,NA
"66","더 록","17135",NA,NA
"67","반지의 제왕: 두 개의 탑","31795",NA,NA
"68","다크 나이트","62586","70%","30%"
"69","아마데우스","10114","26%","74%"
"70","그대를 사랑합니다","73476",NA,NA
"71","언터처블: 1%의 우정","87566",NA,NA
"72","나 홀로 집에 2 - 뉴욕을 헤매다","12270",NA,NA
"73","아이 엠 샘","34227",NA,NA
"74","라푼젤","75470",NA,NA
"75","미세스 다웃파이어","16210",NA,NA
"76","아이언 자이언트","25915","60%","40%"
"77","알라딘","13008",NA,NA
"78","드래곤 길들이기","70457","100%","23%"
"79","번 더 스테이지: 더 무비","176354",NA,NA
"80","러브 유어셀프 인 서울","180220",NA,NA
"81","미안해요, 리키","185275","42%","58%"
"82","소원","103535",NA,NA
"83","빌리 엘리어트","31013","31%","69%"
"84","프리퀀시","29657",NA,NA
"85","피아니스트","35187","43%","57%"
"86","아기공룡 둘리 - 얼음별 대모험","17441",NA,NA
"87","시네마 천국","10001","34%","66%"
"88","두 교황","189111","41%","59%"
"89","해리 포터와 죽음의 성물 - 2부","47528",NA,NA
"90","오세암","34181",NA,NA
"91","업","52120",NA,NA
"92","패왕별희 디 오리지널","14448","26%","74%"
"93","주먹왕 랄프","87307",NA,NA
"94","토이 스토리","17153",NA,NA
"95","모던 타임즈","10249","22%","78%"
"96","폴란드로 간 아이들","178434","24%","76%"
"97","블라인드 사이드","71081",NA,NA
"98","폴리스 스토리","10746","100%","31%"
"99","로망","182348","42%","58%"
"100","코러스","39584",NA,NA
"101","쥬라기 공원","13500",NA,NA
"102","에이 아이","31268","100%","22%"
"103","언더독","144318","28%","72%"
"104","프리 윌리","16466",NA,NA
"105","천공의 성 라퓨타","18782",NA,NA
"106","메리 포핀스","11608",NA,NA
"107","뷰티풀 투모로우","169561",NA,NA
"108","코코","151728","30%","70%"
"109","바이센테니얼 맨","28788",NA,NA
"110","라따뚜이","65021",NA,NA
"111","해리 포터와 마법사의 돌","30688",NA,NA
"112","다이 하드","10012",NA,NA
"113","록키","10021","80%","20%"
"114","우리들의 일그러진 영웅","12297",NA,NA
"115","교회오빠","183132","29%","71%"
"116","몬스터 주식회사 3D","32112",NA,NA
"117","오페라의 유령 : 25주년 특별 공연","89752","23%","77%"
"118","허스토리","167787","21%","79%"
"119","라이온 킹","16521",NA,NA
"120","일급 살인","17869",NA,NA
"121","바람계곡의 나우시카","18052","100%","22%"
"122","내 이름은 칸","70651",NA,NA
"123","영웅: 샐러멘더의 비밀","51708",NA,NA
"124","천녀유혼","10670","50%","50%"
"125","퀸 락 몬트리올","54900",NA,NA
"126","동방불패","11104",NA,NA
"127","자백","146534","50%","50%"
"128","타잔","25266",NA,NA
"129","뽀로로 극장판 보물섬 대모험","183136","23%","77%"
"130","빌리 엘리어트 뮤지컬 라이브","125724","28%","72%"
"131","엽기적인 그녀","31726",NA,NA
"132","8월의 크리스마스","18817","50%","50%"
"133","늑대와 춤을","10244",NA,NA
"134","취권 2","16216",NA,NA
"135","반지의 제왕: 반지 원정대","31794",NA,NA
"136","나, 다니엘 블레이크","150376","42%","58%"
"137","온리 더 브레이브","151752","61%","39%"
"138","인생","16531","100%","23%"
"139","세상에서 가장 아름다운 이별","79762",NA,NA
"140","집으로 가는 길","29953",NA,NA
"141","천국의 아이들","29571","30%","70%"
"142","더 코브: 슬픈 돌고래의 진실","53951",NA,NA
"143","보디가드","17111",NA,NA
"144","명탐정 코난: 베이커가의 망령","38613",NA,NA
"145","맨발의 꿈","51083",NA,NA
"146","말할 수 없는 비밀","68555","40%","60%"
"147","공동경비구역 JSA","15899","36%","64%"
"148","바람","70773",NA,NA
"149","에이트 빌로우","58323",NA,NA
"150","시월애","30306",NA,NA
"151","마이클 잭슨의 디스 이즈 잇","70251",NA,NA
"152","도가니","75413",NA,NA
"153","플립","76309","38%","62%"
"154","이웃집 토토로","18781","26%","74%"
"155","브레이브하트","17162",NA,NA
"156","우리들","146504","26%","74%"
"157","터미네이터","10028",NA,NA
"158","또 하나의 약속","100654","51%","49%"
"159","로보캅","10217",NA,NA
"160","본 얼티메이텀","59075","58%","42%"
"161","패밀리 맨","31159",NA,NA
"162","토이 스토리 2","27578",NA,NA
"163","드래곤 길들이기 3","109193","33%","67%"
"164","신데렐라 맨","41375",NA,NA
"165","가타카","19074",NA,NA
"166","로미오와 줄리엣","10185",NA,NA
"167","피아니스트의 전설","29059","32%","68%"
"168","가위손","10936","26%","74%"
"169","트루맛쇼","84148",NA,NA
"170","쿨 러닝","16218",NA,NA
"171","하이 스쿨 뮤지컬: 졸업반","45774",NA,NA
"172","스파이 지니어스","172780","54%","46%"
"173","인크레더블","36798",NA,NA
"174","광해, 왕이 된 남자","83893",NA,NA
"175","친정엄마","71932",NA,NA
"176","프린스 앤 프린세스","31170",NA,NA
"177","해바라기","44529",NA,NA
"178","아저씨","71509",NA,NA
"179","땐뽀걸즈","167107","22%","78%"
"180","미녀와 야수","13172",NA,NA
"181","로마의 휴일","10101","25%","75%"
"182","그랜 토리노","51462",NA,NA
"183","뷰티풀 마인드","34010",NA,NA
"184","천장지구","11003",NA,NA
"185","사랑은 비를 타고","10105",NA,NA
"186","러브 앳","190244","100%","19%"
"187","투게더","36718",NA,NA
"188","위대한 독재자","10341","42%","58%"
"189","인셉션","52515","51%","49%"
"190","갓파 쿠와 여름방학을","68502","50%","50%"
"191","극장판 헬로카봇 : 백악기 시대","175727","21%","79%"
"192","리멤버 타이탄","30897",NA,NA
"193","마이너리티 리포트","31788",NA,NA
"194","님아, 그 강을 건너지 마오","130013","40%","60%"
"195","빽 투 더 퓨쳐 2","10003","52%","48%"
"196","킹콩을 들다","50672",NA,NA
"197","엽문","48602",NA,NA
"198","크루즈 패밀리","79435",NA,NA
"199","랜드 오브 마인","144100","57%","43%"
"200","석양에 돌아오다","13967",NA,NA
"201","타인의 삶","63403",NA,NA
"202","브링 더 소울 : 더 무비","187051","6%","94%"
"203","명탐정 코난: 천공의 난파선","75216",NA,NA
"204","말아톤","39436",NA,NA
"205","인크레더블 2","136990","32%","68%"
"206","바람과 함께 사라지다","10020","67%","33%"
"207","고 녀석 맛나겠다","79749",NA,NA
"208","페이스 오프","18552",NA,NA
"209","1987","158191","50%","50%"
"210","아름다운 비행","17903",NA,NA
"211","스피릿","35100",NA,NA
"212","똥파리","68031","100%","24%"
"213","미이라","24542",NA,NA
"214","레드슈즈","164907","24%","76%"
"215","잉여들의 히치하이킹","115298","43%","57%"
"216","콘택트","18610",NA,NA
"217","크림슨 타이드","17486",NA,NA
"218","니모를 찾아서 3D","32116",NA,NA
"219","맨 오브 오너","31148",NA,NA
"220","시스터 액트","12393",NA,NA
"221","러빙 빈센트","144379","31%","69%"
"222","보루토 - 나루토 더 무비","140711","55%","45%"
"223","백발마녀전","12993",NA,NA
"224","핵소 고지","142305","67%","33%"
"225","테이큰","47152",NA,NA
"226","마지막 황제","10314","50%","50%"
"227","대부 3","10561",NA,NA
"228","나비 효과","38091",NA,NA
"229","첫 키스만 50번째","38227","48%","52%"
"230","서유기 - 월광보합","18542",NA,NA
"231","벤허","10058","49%","51%"
"232","칼리토","16217",NA,NA
"233","쥬만지","17440",NA,NA
"234","대부 2","10072",NA,NA
"235","프레데터","10061",NA,NA
"236","페이트 스테이 나이트 헤븐즈필 III.스프링 송","195687","85%","15%"
"237","라이언","134841","38%","62%"
"238","캐치 미 이프 유 캔","34522",NA,NA
"239","스파이더맨: 뉴 유니버스","171725","54%","46%"
"240","어메이징 메리","143469","29%","71%"
"241","스쿨 오브 락","37486",NA,NA
"242","이티","10018",NA,NA
"243","어느 가족","172174","36%","64%"
"244","내 어깨 위 고양이, 밥","154379","33%","67%"
"245","특전 유보트","10647",NA,NA
"246","슈퍼소닉","151106","52%","48%"
"247","톰보이","85825","17%","83%"
"248","라디오 스타","58088",NA,NA
"249","공공의 적","32610",NA,NA
"250","시간을 달리는 소녀","63513","48%","52%"
"251","태극기 휘날리며","36666",NA,NA
"252","빅","10600","100%","21%"
"253","혹성탈출","11002",NA,NA
"254","밴디트","22082",NA,NA
"255","눈의 여왕4","190395","23%","77%"
"256","빠삐용","10046","50%","50%"
"257","동급생","148338","3%","97%"
"258","과속스캔들","51143",NA,NA
"259","오베라는 남자","139613","31%","69%"
"260","눈길","134772","32%","68%"
"261","사랑과 영혼","10173",NA,NA
"262","그린 마일","28677",NA,NA
"263","인어 공주","10669",NA,NA
"264","타짜","57723",NA,NA
"265","아메리칸 히스토리 X","24194",NA,NA
"266","서서평, 천천히 평온하게","160135","36%","64%"
"267","스타 이즈 본","168050","42%","58%"
"268","파수꾼","75378","20%","80%"
"269","오아시스","34093","67%","33%"
"270","스팅","10047",NA,NA
"271","헤드윅","31827","20%","80%"
"272","뻐꾸기 둥지 위로 날아간 새","10688","100%","23%"
"273","뽀로로 극장판 공룡섬 대모험","169349","21%","79%"
"274","영웅본색","10110","53%","47%"
"275","해피 투게더","19335",NA,NA
"276","도망자","13042",NA,NA
"277","플래툰","10039","89%","11%"
"278","네고시에이터","19469",NA,NA
"279","뚜르: 내 생애 최고의 49일","142304","57%","43%"
"280","어바웃 타임","92075","47%","53%"
"281","킹 오브 프리즘","152160",NA,NA
"282","내 사랑","154437","28%","72%"
"283","모아나","130849","26%","74%"
"284","불량소녀, 너를 응원해!","138877","52%","48%"
"285","체인질링","63156",NA,NA
"286","어 퓨 굿 맨","12324",NA,NA
"287","바울","173692","39%","61%"
"288","코치 카터","39857",NA,NA
"289","대부","10071",NA,NA
"290","일 포스티노","17796","36%","64%"
"291","마틸다","18934",NA,NA
"292","조조 래빗","187308","57%","43%"
"293","하이 스피드! <U+2013>프리! 스타팅 데이즈","145736","12%","88%"
"294","JFK","10740",NA,NA
"295","파 앤드 어웨이","13234","100%","21%"
"296","트와이스랜드","180361",NA,NA
"297","제리 맥과이어","17942","60%","40%"
"298","귀향","135843","33%","67%"
"299","식코","66801",NA,NA
"300","가디언즈","87308",NA,NA
"301","분노의 역류","10980",NA,NA
"302","마스크","17131",NA,NA
"303","흑집사 : 북 오브 더 아틀란틱","158578","8%","92%"
"304","그래도 내가 하지 않았어","62329",NA,NA
"305","취권","10440",NA,NA
"306","하이큐!! 재능과 센스","169348","12%","88%"
"307","사랑의 블랙홀","13957",NA,NA
"308","파워 오브 원","11295",NA,NA
"309","오즈의 마법사","10448","100%","17%"
"310","스틸 라이프","113132","32%","68%"
"311","비상","64128",NA,NA
"312","극장판 공룡메카드: 타이니소어의 섬","180372",NA,NA
"313","길버트 그레이프","16487",NA,NA
"314","저수지 게임","162824","41%","59%"
"315","설리: 허드슨강의 기적","143495","53%","47%"
"316","귀를 기울이면","24008",NA,NA
"317","범죄도시","161242","58%","42%"
"318","즐거운 인생","65463",NA,NA
"319","와이키키 브라더스","31422","50%","50%"
"320","에너미 오브 스테이트","19521",NA,NA
"321","칠곡 가시나들","181717","16%","84%"
"322","코렐라인: 비밀의 문","67696",NA,NA
"323","할머니는 일학년","94594",NA,NA
"324","이집트 왕자","19527",NA,NA
"325","블러드 다이아몬드","62265",NA,NA
"326","스텝 업 3D","71987",NA,NA
"327","국가대표","47385",NA,NA
"328","아름다운 세상을 위하여","31110",NA,NA
"329","후크","16998",NA,NA
"330","클릭","58437",NA,NA
"331","오직 그대만","82219",NA,NA
"332","스피드","16503",NA,NA
"333","혐오스런 마츠코의 일생","58333",NA,NA
"334","짱구는 못말려 극장판: 태풍을 부르는 노래하는 엉덩이 폭탄!","66724",NA,NA
"335","미션 임파서블: 폴아웃","154222","51%","49%"
"336","하치 이야기","34497",NA,NA
"337","겨울왕국","100931","37%","63%"
"338","아는 여자","37888",NA,NA
"339","점박이 한반도의 공룡2 : 새로운 낙원","180379","23%","77%"
"340","스트레인저 - 무황인담","47986",NA,NA
"341","뱀파이어와의 인터뷰","17254",NA,NA
"342","늑대아이","93005","60%","40%"
"343","킹 오브 프리즘 프라이드 더 히어로","164290","6%","94%"
"344","패치 아담스","24094",NA,NA
"345","말모이","167699","40%","60%"
"346","내일을 향해 쏴라","10019",NA,NA
"347","노킹 온 헤븐스 도어","18871","100%","19%"
"348","우드잡","123688","25%","75%"
"349","써니","76016",NA,NA
"350","아버지의 이름으로","16091",NA,NA
"351","다키스트 아워","150687","59%","41%"
"352","드래곤볼 슈퍼: 브로리","180687","85%","15%"
"353","러브레터","19031","47%","53%"
"354","이터널 선샤인","38444","36%","64%"
"355","짱구는 못말려 극장판: 정면승부! 로봇아빠의 역습","120788","25%","75%"
"356","러브 어페어","17685",NA,NA
"357","트윈스터즈","137358","30%","70%"
"358","호로비츠를 위하여","56083",NA,NA
"359","빽 투 더 퓨쳐 3","10004",NA,NA
"360","철가방 우수氏","88473",NA,NA
"361","분노의 질주: 더 세븐","109905","58%","42%"
"362","패딩턴 2","146489","25%","75%"
"363","에이리언","10037","50%","50%"
"364","봄날은 간다","31801","38%","62%"
"365","나이브스 아웃","189000","50%","50%"
"366","빅 히어로","109911","30%","70%"
"367","하울의 움직이는 성","39640","31%","69%"
"368","싸이코","10050","75%","25%"
"369","아나스타샤","18531",NA,NA
"370","뮬란","19128",NA,NA
"371","스탠 바이 미","10282",NA,NA
"372","첨밀밀","17997",NA,NA
"373","인터스텔라","45290","59%","41%"
"374","투캅스 3","19068",NA,NA
"375","스타워즈 에피소드 3 - 시스의 복수","30301",NA,NA
"376","피터팬","37880",NA,NA
"377","공범자들","165461","42%","58%"
"378","무간도","36565",NA,NA
"379","극장판 쿠로코의 농구 라스트 게임","156185","26%","74%"
"380","정무문","10181",NA,NA
"381","아홉살 인생","37759",NA,NA
"382","콘 에어","18173",NA,NA
"383","증인","177374","41%","59%"
"384","웨딩 드레스","53158",NA,NA
"385","용서받지 못한 자","44111",NA,NA
"386","책상 서랍 속의 동화","27245",NA,NA
"387","미쓰백","155356","36%","64%"
"388","7인의 사무라이","10609",NA,NA
"389","히트","17327","81%","19%"
"390","추격자","68695",NA,NA
"391","버킷리스트: 죽기 전에 꼭 하고 싶은 것들","69102",NA,NA
"392","그해 여름","46985",NA,NA
"393","블랙 호크 다운","33410",NA,NA
"394","호텔 뭄바이","165022","56%","44%"
"395","파이란","31475",NA,NA
"396","피케이: 별에서 온 얼간이","133402","42%","58%"
"397","노팅 힐","24830","37%","63%"
"398","사랑의 선물","182699","58%","42%"
"399","시스터 액트 2","16172",NA,NA
"400","클리프행어","14152",NA,NA
"401","보디가드","11307","43%","57%"
"402","용서받지 못한 자","11502",NA,NA
"403","호텔 르완다","39813",NA,NA
"404","너는 내 운명","39654",NA,NA
"405","스타워즈 에피소드 5 - 제국의 역습","10006",NA,NA
"406","샤인","17970","42%","58%"
"407","에반게리온: 파","54973",NA,NA
"408","인사이드 아웃","115622","30%","70%"
"409","미스비헤이비어","192623","5%","95%"
"410","아바타","62266",NA,NA
"411","첩혈쌍웅","10113","50%","50%"
"412","피아니스트 세이모어의 뉴욕 소네트","129802","25%","75%"
"413","업그레이드","174626",NA,NA
"414","로건","117787","69%","31%"
"415","구니스","10040",NA,NA
"416","캐리비안의 해적 - 블랙 펄의 저주","37148",NA,NA
"417","명탐정 코난: 침묵의 15분","85094",NA,NA
"418","이프 온리","39440","41%","59%"
"419","러브 오브 시베리아","24668",NA,NA
"420","7월 4일생","10630",NA,NA
"421","록키 2","10022",NA,NA
"422","아이덴티티","36992",NA,NA
"423","에린 브로코비치","29102",NA,NA
"424","내 깡패 같은 애인","70910",NA,NA
"425","타오르는 여인의 초상","185282","20%","80%"
"426","파도가 지나간 자리","125417","44%","56%"
"427","하치 이야기","53881",NA,NA
"428","누들","45264",NA,NA
"429","글루미 선데이","14802","38%","62%"
"430","당신이 잠든 사이에","17260",NA,NA
"431","댄서","153621","21%","79%"
"432","피의 연대기","164104","16%","84%"
"433","세븐 데이즈","60753",NA,NA
"434","노트북","38899","45%","55%"
"435","리얼 스틸","76460",NA,NA
"436","퍼펙트 월드","16208","67%","33%"
"437","배트맨 2","14012",NA,NA
"438","식스 센스","25906",NA,NA
"439","서프러제트","122131","100%","24%"
"440","월플라워","83213",NA,NA
"441","블랙","68567","58%","42%"
"442","GROW: 인피니트의 리얼 청춘 라이프","129781","6%","94%"
"443","올드보이","36944","100%","22%"
"444","브루스 올마이티","36858",NA,NA
"445","명탐정 코난 : 제로의 집행인","173019","26%","74%"
"446","하모니","53034",NA,NA
"447","제자, 옥한흠","129764","56%","44%"
"448","나는 고양이로소이다","140653","26%","74%"
"449","터보","97826",NA,NA
"450","다이 하드 3","17092",NA,NA
"451","인디아나 존스 - 최후의 성전","10035",NA,NA
"452","도니 브래스코","18827",NA,NA
"453","밀리언 달러 베이비","39809","71%","29%"
"454","가디언","62263",NA,NA
"455","젝스키스 에이틴","172006",NA,NA
"456","결혼 이야기","188056","37%","63%"
"457","경찰서를 털어라","26677",NA,NA
"458","왕의 남자","39894","100%","21%"
"459","아마겟돈","19147",NA,NA
"460","마이 걸","16868",NA,NA
"461","엑스맨: 퍼스트 클래스","76347",NA,NA
"462","로마","178097","41%","59%"
"463","내부자들: 디 오리지널","147001","55%","45%"
"464","레이","39434",NA,NA
"465","타샤 튜더","177335","17%","83%"
"466","볼트","47411",NA,NA
"467","영구와 땡칠이","10828",NA,NA
"468","캡틴 필립스","97696",NA,NA
"469","서칭 포 슈가맨","91101","100%","24%"
"470","세컨핸드 라이온스","37398",NA,NA
"471","스즈미야 하루히의 소실","74205",NA,NA
"472","물랑 루즈","31882","36%","64%"
"473","케이 팩스","33755",NA,NA
"474","메리 크리스마스","56414",NA,NA
"475","택시운전사","146469","46%","54%"
"476","진용","11141",NA,NA
"477","러시 : 더 라이벌","96372",NA,NA
"478","휘트니","174659","31%","69%"
"479","박하사탕","27219","55%","45%"
"480","청설","71760","45%","55%"
"481","이연걸의 정무문","17265",NA,NA
"482","슈퍼스타 감사용","37929",NA,NA
"483","인디아나 존스","10034",NA,NA
"484","원스 어폰 어 타임 인 아메리카","10970","67%","33%"
"485","굿바이","50724",NA,NA
"486","극장판 도라에몽:신 진구의 버스 오브 재팬","141675","30%","70%"
"487","비긴 어게인","96379","45%","55%"
"488","스윗 프랑세즈","103331","30%","70%"
"489","세상을 바꾼 변호인","137865","15%","85%"
"490","인생 후르츠","179694","27%","73%"
"491","브이 포 벤데타","43208",NA,NA
"492","얼라이브","13480",NA,NA
"493","크로싱","46494",NA,NA
"494","싱 스트리트","146560","45%","55%"
"495","어린 의뢰인","180169","36%","64%"
"496","불멸의 연인","17524",NA,NA
"497","바그다드 카페 : 디렉터스컷","16601","32%","68%"
"498","다크 나이트 라이즈","72054","81%","19%"
"499","토이 스토리 4","101966","40%","60%"
"500","에너미 앳 더 게이트","31778",NA,NA
"501","말레나","31231",NA,NA
"502","쿵푸 팬더","62262",NA,NA
"503","양들의 침묵","10504",NA,NA
"504","알로, 슈티","47321","29%","71%"
"505","성원","27899",NA,NA
"506","개를 훔치는 완벽한 방법","112040","38%","62%"
"507","말하는 건축가","88793","100%","0%"
"508","론 서바이버","92069","68%","32%"
"509","산이 울다","143357","52%","48%"
"510","어네스트와 셀레스틴","95767","26%","74%"
"511","끝까지 간다","109778","53%","47%"
"512","마다가스카3 : 이번엔 서커스다!","86381",NA,NA
"513","국제시장","102875","49%","51%"
"514","동감","29756","33%","67%"
"515","미져리","10489",NA,NA
"516","빅뱅 메이드","149511",NA,NA
"517","빅 피쉬","37936",NA,NA
"518","툴리","154653","21%","79%"
"519","파리넬리","17521",NA,NA
"520","연평해전","102272","50%","50%"
"521","인사이드 잡","75508",NA,NA
"522","고스트 메신저 극장판","120076","14%","86%"
"523","명탐정 코난: 칠흑의 추적자","52504",NA,NA
"524","원피스 극장판 제트","98403",NA,NA
"525","조제, 호랑이 그리고 물고기들","38464","38%","62%"
"526","마이 시스터즈 키퍼","52528",NA,NA
"527","베테랑","115977","46%","54%"
"528","콜드 마운틴","30076",NA,NA
"529","고양이 춤","83883",NA,NA
"530","내 이야기!!","144083",NA,NA
"531","독수리 에디","136876","48%","52%"
"532","그 시절, 우리가 좋아했던 소녀","88669","51%","49%"
"533","어거스트 러쉬","66158","42%","58%"
"534","K-19 위도우메이커","31906",NA,NA
"535","메리와 맥스","53441",NA,NA
"536","종횡사해","10877","67%","33%"
"537","수상한 그녀","107924","40%","60%"
"538","골!","44020",NA,NA
"539","온워드: 단 하루의 기적","187351","31%","69%"
"540","파이브 피트","181912","33%","67%"
"541","하이큐!! 승자와 패자","155963",NA,NA
"542","변호인","101901","50%","50%"
"543","더티 댄싱","10242",NA,NA
"544","스타쉽 트루퍼스","18682",NA,NA
"545","마녀 배달부 키키","18050","41%","59%"
"546","스플릿","146512","57%","43%"
"547","내부자들","121788","56%","44%"
"548","코알라","93749","100%","25%"
"549","미션 임파서블","17626",NA,NA
"550","벅스 라이프","19516",NA,NA
"551","록 스탁 앤 투 스모킹 배럴즈","24926",NA,NA
"552","원스","65998","35%","65%"
"553","인턴","118917","46%","54%"
"554","번지 점프를 하다","30796","45%","55%"
"555","다이노소어 어드벤처 3D","100930",NA,NA
"556","델마와 루이스","10262","48%","52%"
"557","스타워즈 에피소드 4 - 새로운 희망","10005",NA,NA
"558","슈퍼배드","73339",NA,NA
"559","해피 피트 2","77117",NA,NA
"560","스타워즈 에피소드 6 - 제다이의 귀환","10007",NA,NA
"561","새미의 어드벤쳐","70427",NA,NA
"562","안녕, 나의 소울메이트","156912","24%","76%"
"563","울학교 이티","69917",NA,NA
"564","남매의 여름밤","189623","42%","58%"
"565","레인 오버 미","57997",NA,NA
"566","극장판 짱구는 못말려: 신혼여행 허리케인~ 사라진 아빠!","183772","23%","77%"
"567","블루 라군","10751",NA,NA
"568","극장판 마법소녀 마도카☆마기카 [전편] 시작의 이야기","100022",NA,NA
"569","제8요일","17802",NA,NA
"570","마법에 걸린 사랑","68563",NA,NA
"571","윤희에게","182387","26%","74%"
"572","룸","130989","35%","65%"
"573","소스 코드","82428",NA,NA
"574","명탐정 코난: 순흑의 악몽","149049","28%","72%"
"575","이보다 더 좋을 순 없다","18878",NA,NA
"576","브레이크다운","18488",NA,NA
"577","극장판 사이코패스","135806","67%","33%"
"578","연애소설","34362",NA,NA
"579","더 헌트","95260",NA,NA
"580","아메리칸 뷰티","26679",NA,NA
"581","무간도 3 - 종극무간","37488",NA,NA
"582","디스트릭트 9","64129",NA,NA
"583","조 블랙의 사랑","19517",NA,NA
"584","맘마미아!2","164115","27%","73%"
"585","루키","34566",NA,NA
"586","암살","121048","46%","54%"
"587","카","36799",NA,NA
"588","리틀 보이","129046","40%","60%"
"589","천녀유혼 3 - 도도도","11572",NA,NA
"590","레인 맨","10238",NA,NA
"591","영웅본색 2","10111","36%","64%"
"592","불꽃 슛 통키","21162",NA,NA
"593","씽","144938","24%","76%"
"594","곰돌이 푸 다시 만나 행복해","168023","30%","70%"
"595","마음이...","42809",NA,NA
"596","오버 더 레인보우","33870",NA,NA
"597","그날, 바다","173653","46%","54%"
"598","극장판 포켓몬스터 모두의 이야기","172187","24%","76%"
"599","킹콩","38097",NA,NA
"600","태양의 노래","61848","67%","33%"
"601","선물","31118",NA,NA
"602","터미널","38835",NA,NA
"603","분노의 질주: 언리미티드","74632",NA,NA
"604","흐르는 강물처럼","16792","67%","33%"
"605","분노의 질주: 더 익스트림","140731","58%","42%"
"606","어벤져스: 인피니티 워","136315","64%","36%"
"607","씨민과 나데르의 별거","83160","100%","22%"
"608","배트맨 비긴즈","37439","67%","33%"
"609","더 리더: 책 읽어주는 남자","45298","48%","52%"
"610","카우보이 비밥 - 천국의 문","32911",NA,NA
"611","오만과 편견","44728",NA,NA
"612","스타트렉 다크니스","74565",NA,NA
"613","미스 리틀 선샤인","60530",NA,NA
"614","본 슈프리머시","38738",NA,NA
"615","5일의 마중","115534","35%","65%"
"616","불가사리","10532",NA,NA
"617","선생 김봉두","36727",NA,NA
"618","김정일리아","53945",NA,NA
"619","엣지 오브 투모로우","90589","64%","36%"
"620","우리 학교","63445",NA,NA
"621","우린 액션배우다","68934",NA,NA
"622","피아노의 숲","68498","29%","71%"
"623","진링의 13소녀","81890",NA,NA
"624","48미터","93094",NA,NA
"625","솔드 아웃","17764",NA,NA
"626","키즈 리턴","26537","54%","46%"
"627","가부와 메이 이야기","57278","50%","50%"
"628","스노우 워커","39568",NA,NA
"629","러브 액츄얼리","36843","50%","50%"
"630","극장판 소드 아트 온라인 -오디널 스케일-","159408","78%","22%"
"631","스윙걸즈","39524",NA,NA
"632","내 마음의 풍금","23859",NA,NA
"633","존 큐","33422",NA,NA
"634","인비저블 게스트","159516","50%","50%"
"635","천녀유혼 2 - 인간도","10686",NA,NA
"636","파인딩 포레스터","31524",NA,NA
"637","가디언즈 오브 갤럭시 VOL. 2","127398","62%","38%"
"638","게임의 법칙","17143",NA,NA
"639","극장판 포켓몬스터 베스트위시 : 신의 속도 게노세크트, 뮤츠의 각성","109466","36%","64%"
"640","리오","76455",NA,NA
"641","초콜렛 도넛","93236","28%","72%"
"642","A-특공대","50598",NA,NA
"643","파니 핑크","24157",NA,NA
"644","비투스","62390",NA,NA
"645","극장판 나루토 질풍전: 로드 투 닌자","96968",NA,NA
"646","극장판 슈타인즈 게이트: 부하영역의 데자뷰","107748",NA,NA
"647","퍼펙트 게임","76048",NA,NA
"648","앨빈과 슈퍼밴드","45130",NA,NA
"649","기쿠지로의 여름","27350","47%","53%"
"650","대니쉬 걸","51787","21%","79%"
"651","티벳에서의 7년","18865",NA,NA
"652","시카고","36590","33%","67%"
"653","미션","10086","56%","44%"
"654","신세계","91031","25%","75%"
"655","소년은 울지 않는다","27109",NA,NA
"656","스포트라이트","129072","46%","54%"
"657","미쓰 와이프","129406","36%","64%"
"658","인어 공주","37739",NA,NA
"659","아홉 스님","193990","30%","70%"
"660","죠스","10029",NA,NA
"661","덤보","163787","35%","65%"
"662","굿바이 레닌","37409",NA,NA
"663","뜨거운 안녕","97652",NA,NA
"664","행복을 찾아서","64354",NA,NA
"665","스카페이스","10330",NA,NA
"666","나의 특별한 형제","175366","43%","57%"
"667","서치","172425","45%","55%"
"668","시","70562","100%","30%"
"669","원피스 필름 골드","146214","57%","43%"
"670","레이더스","10033",NA,NA
"671","부러진 화살","87571",NA,NA
"672","아이언맨","44885",NA,NA
"673","하이큐!! 끝과 시작","140803","14%","86%"
"674","노무현입니다","162173","43%","57%"
"675","주먹이 운다","39399",NA,NA
"676","그것만이 내 세상","158180","45%","55%"
"677","캡틴 아메리카: 윈터 솔져","96327","64%","36%"
"678","루이스","178214","26%","74%"
"679","볼케이노","18318",NA,NA
"680","드래곤 길들이기 2","76020","31%","69%"
"681","마담 프루스트의 비밀정원","113170","24%","76%"
"682","꼬마 니콜라","72393",NA,NA
"683","캐리비안의 해적 - 망자의 함","43678",NA,NA
"684","여행자","51049",NA,NA
"685","극장판 파워레인저: 닌자포스 VS 트레인포스 닌자 인 원더랜드","146944","25%","75%"
"686","벤자민 버튼의 시간은 거꾸로 간다","66091","32%","68%"
"687","투 브라더스","38907",NA,NA
"688","엘리트 스쿼드 2","82323",NA,NA
"689","서편제","16906","33%","67%"
"690","사랑 후에 남겨진 것들","50785","50%","50%"
"691","다만, 널 사랑하고 있어","64080",NA,NA
"692","다이 하드 4.0","40133",NA,NA
"693","하녀","23525",NA,NA
"694","매디슨 카운티의 다리","17255","29%","71%"
"695","해리가 샐리를 만났을 때","10250","75%","25%"
"696","무서운 집","126389","48%","52%"
"697","내니 맥피 2 - 유모와 마법소동","73018",NA,NA
"698","페어리테일: 봉황의 무녀","94194",NA,NA
"699","비밥바룰라","151254","67%","33%"
"700","록키 발보아","62556",NA,NA
"701","심연","11092",NA,NA
"702","웰컴 투 동막골","39405",NA,NA
"703","담보","183866","48%","52%"
"704","100일 동안 100가지로 100퍼센트 행복찾기","183377","32%","68%"
"705","배심원들","177483","35%","65%"
"706","디어 헌터","10128","100%","26%"
"707","좋은 친구들","10640",NA,NA
"708","미이라 2","31271",NA,NA
"709","바르다가 사랑한 얼굴들","162854","29%","71%"
"710","노다메 칸타빌레 최종악장","73075",NA,NA
"711","장수상회","120125","39%","61%"
"712","나는 내일, 어제의 너와 만난다","157178","56%","44%"
"713","앙: 단팥 인생 이야기","139523","32%","68%"
"714","원초적 본능","10742",NA,NA
"715","쉬즈 더 맨","45719",NA,NA
"716","스파이더맨","31307",NA,NA
"717","소림축구","33082",NA,NA
"718","와일드 카드","35991",NA,NA
"719","명탐정 코난: 은빛 날개의 마술사","38615",NA,NA
"720","마당을 나온 암탉","41585",NA,NA
"721","해리 포터와 비밀의 방","33930",NA,NA
"722","앨빈과 슈퍼밴드 2","70637",NA,NA
"723","슈렉","31579",NA,NA
"724","첫잔처럼","189259",NA,NA
"725","디태치먼트","82239","40%","60%"
"726","얼라이드","149777","49%","51%"
"727","페르디난드","160491","18%","82%"
"728","1급기밀","149504","55%","45%"
"729","청원","80774",NA,NA
"730","파이트 클럽","27260","46%","54%"
"731","헬로우 고스트","75401",NA,NA
"732","태양 아래","146488","50%","50%"
"733","엑스맨: 데이즈 오브 퓨처 패스트","99714","63%","37%"
"734","...ing","36957",NA,NA
"735","그날 본 꽃의 이름을 우리는 아직 모른다","113315","57%","43%"
"736","우리는 동물원을 샀다","76627",NA,NA
"737","초콜릿","31456",NA,NA
"738","프라이멀 피어","17800",NA,NA
"739","쉬리","19500",NA,NA
"740","중경삼림","17059",NA,NA
"741","극장판 유희왕 더 다크 사이드 오브 디멘션즈","150117","37%","63%"
"742","쿼바디스","128212","56%","44%"
"743","그렇게 아버지가 된다","103719","45%","55%"
"744","의형제","52548",NA,NA
"745","아무도 모른다","38546","20%","80%"
"746","드리머","43609",NA,NA
"747","댄싱퀸","83268",NA,NA
"748","거인","117061","19%","81%"
"749","1917","187321","70%","30%"
"750","람보","10055",NA,NA
"751","그녀를 믿지 마세요","37838",NA,NA
"752","더 데이","92038",NA,NA
"753","사탄의 인형","11119",NA,NA
"754","복수혈전","11354",NA,NA
"755","트레인스포팅","17967",NA,NA
"756","스왈로우테일 버터플라이","26544",NA,NA
"757","천사의 사랑","75606",NA,NA
"758","라스트 모히칸","11720","80%","20%"
"759","프렌즈: 몬스터 섬의 비밀","88495","23%","77%"
"760","트루 라이즈","16516",NA,NA
"761","추억의 마니","127858","34%","66%"
"762","트롤: 월드 투어","191633","28%","72%"
"763","미드나잇 선","143416","37%","63%"
"764","라이프 오브 파이","87309","35%","65%"
"765","LA 컨피덴셜","18875",NA,NA
"766","이퀼리브리엄","36484",NA,NA
"767","토탈 리콜","10800",NA,NA
"768","팀 버튼의 크리스마스 악몽","14584",NA,NA
"769","극장판 도라에몽: 진구와 철인군단 날아라 천사들","76560",NA,NA
"770","슈퍼노바 지구 탈출기","96054",NA,NA
"771","아이언맨 3","70254",NA,NA
"772","우먼 인 골드","127321","28%","72%"
"773","콜 오브 와일드","192147","75%","25%"
"774","무사","28214",NA,NA
"775","굿모닝 맨하탄","98276","26%","74%"
"776","비포 선라이즈","17773","38%","62%"
"777","아웃포스트","195450","76%","24%"
"778","각설탕","43206",NA,NA
"779","미스터트롯: 더 무비","197304","12%","88%"
"780","트랜스포머","61521","50%","50%"
"781","극장판 포켓몬스터 너로 정했다!","165722","26%","74%"
"782","원피스 극장판: 스트롱 월드","49007",NA,NA
"783","바닐라 스카이","31913",NA,NA
"784","예스 맨","45944",NA,NA
"785","짱구는 못말려 극장판: 폭풍수면! 꿈꾸는 세계 대돌격","149050","27%","73%"
"786","영화는 영화다","48074",NA,NA
"787","일일시호일","179318","26%","74%"
"788","여배우는 오늘도","138601","21%","79%"
"789","파이터","71768",NA,NA
"790","맨 온 파이어","38574",NA,NA
"791","지구를 지켜라!","36344",NA,NA
"792","글러브","73477",NA,NA
"793","짱구는 못말려 극장판: 초시공! 태풍을 부르는 나의 신부","75217",NA,NA
"794","토르: 라그나로크","134898","61%","39%"
"795","매트릭스 2 - 리로디드","31464",NA,NA
"796","극장판 도라에몽:진구의 남극 꽁꽁 대모험","153279","22%","78%"
"797","초록물고기","17946",NA,NA
"798","에이미","136890","24%","76%"
"799","나의 소녀시대","142691","33%","67%"
"800","순정","139674","16%","84%"
"801","연인","10741","25%","75%"
"802","작은 아씨들","186613","33%","67%"
"803","10분","115240","22%","78%"
"804","그 여자 작사 그 남자 작곡","65769",NA,NA
"805","시티 오브 갓","36651","78%","22%"
"806","처음 만나는 자유","28795",NA,NA
"807","라스트 미션","179974","55%","45%"
"808","드라큐라","14397",NA,NA
"809","코요테 어글리","30685",NA,NA
"810","데블스 에드버킷","18814",NA,NA
"811","U-571","29146",NA,NA
"812","달콤한 인생","39516","78%","22%"
"813","페이스 메이커","83098",NA,NA
"814","빅풋 주니어","165025","14%","86%"
"815","패트리어트 - 늪 속의 여우","29378",NA,NA
"816","비트","18597",NA,NA
"817","어느 날, 사랑이 걸어왔다","72081",NA,NA
"818","블랙북","61095",NA,NA
"819","더티 댄싱 - 하바나 나이트","38274",NA,NA
"820","미션 임파서블 3","43153",NA,NA
"821","크레이지 뷰티풀","32593",NA,NA
"822","7번방의 선물","94775",NA,NA
"823","희극지왕","29044",NA,NA
"824","12 몽키즈","17758",NA,NA
"825","탑건","10100","42%","58%"
"826","슬럼독 밀리어네어","66440","38%","62%"
"827","트럼보","130983","36%","64%"
"828","스탠바이, 웬디","147388","27%","73%"
"829","천로역정: 천국을 찾아서","183836","29%","71%"
"830","타마코 러브 스토리","123433","79%","21%"
"831","믿음의 승부","58538",NA,NA
"832","다음 침공은 어디?","142241","35%","65%"
"833","김복동","185131","29%","71%"
"834","8 마일","35626","62%","38%"
"835","아멜리에","32588","17%","83%"
"836","배트맨","10253",NA,NA
"837","계춘할망","132998","36%","64%"
"838","메멘토","31940","45%","55%"
"839","내 머리 속의 지우개","38662","36%","64%"
"840","키싱 부스 2","184520",NA,NA
"841","라빠르망","18285","35%","65%"
"842","아일랜드","39879",NA,NA
"843","집으로 가는 길","96961",NA,NA
"844","라이어 라이어","18216",NA,NA
"845","스트레이트 아웃 오브 컴턴","130957","69%","31%"
"846","리틀 포레스트","154449","38%","62%"
"847","미라클 벨리에","132991","35%","65%"
"848","킹스맨 : 시크릿 에이전트","114249","53%","47%"
"849","이별의 아침에 약속의 꽃을 장식하자","172113","57%","43%"
"850","두레소리","72631",NA,NA
"851","스타더스트","66144",NA,NA
"852","라스베가스를 떠나며","17450",NA,NA
"853","레퀴엠","31282",NA,NA
"854","분노의 질주: 더 맥시멈","91696",NA,NA
"855","락앤롤 보트","52790",NA,NA
"856","한공주","99724","44%","56%"
"857","천문: 하늘에 묻는다","181381","55%","45%"
"858","스파이 게임","31911",NA,NA
"859","미드웨이","186615","78%","22%"
"860","브리짓 존스의 베이비","143456","28%","72%"
"861","화양연화","28876","100%","24%"
"862","공수도","185423",NA,NA
"863","제5원소","18350",NA,NA
"864","봄 여름 가을 겨울 그리고 봄","36617",NA,NA
"865","매드맥스: 분노의 도로","77768","57%","43%"
"866","델타 보이즈","149479","44%","56%"
"867","어벤져스","72363","50%","50%"
"868","나우 이즈 굿","86197",NA,NA
"869","펄프 픽션","16571",NA,NA
"870","뽀로로 극장판 컴퓨터 왕국 대모험","143253","18%","82%"
"871","극장판 요괴워치: 탄생의 비밀이다냥!","134845","21%","79%"
"872","패트리어트 데이","149731","53%","47%"
"873","이번 일요일에","51624",NA,NA
"874","달라스 바이어스 클럽","100639","44%","56%"
"875","스파이","118950","51%","49%"
"876","위플래쉬","119632","53%","47%"
"877","크게 될 놈","159845","43%","57%"
"878","약속","19456",NA,NA
"879","비열한 거리","50932",NA,NA
"880","극장판 요괴워치 섀도사이드: 도깨비왕의 부활","170496","36%","64%"
"881","춘희막이","138576","19%","81%"
"882","오픈 유어 아이즈","19541",NA,NA
"883","미녀는 괴로워","39157",NA,NA
"884","인 어 베러 월드","78681",NA,NA
"885","이미테이션 게임","113348","50%","50%"
"886","심슨 가족, 더 무비","65735",NA,NA
"887","완득이","80866",NA,NA
"888","명탐정 코난:진홍의 연가","159054","29%","71%"
"889","집오리와 들오리의 코인로커","64961",NA,NA
"890","루돌프와 많이있어","153951","17%","83%"
"891","극장판 원피스 스탬피드","187324","81%","19%"
"892","찰리와 초콜릿 공장","39846",NA,NA
"893","너의 이름은.","150198","54%","46%"
"894","불편한 진실","60755",NA,NA
"895","서태지 심포니","73496",NA,NA
"896","미녀와 야수","136872","37%","63%"
"897","스테이션 7","165751","50%","50%"
"898","부에나 비스타 소셜 클럽","26348","39%","61%"
"899","굿 다이노","109910","22%","78%"
"900","아이스 에이지 3: 공룡시대","47494",NA,NA
"901","범죄의 재구성","37853",NA,NA
"902","아이리시맨","154298","80%","20%"
"903","스텝업4 : 레볼루션","93089",NA,NA
"904","폴라 익스프레스","38882",NA,NA
"905","출국","179139","47%","53%"
"906","소공녀","159311","32%","68%"
"907","택시 드라이버","10793",NA,NA
"908","말죽거리 잔혹사","37245",NA,NA
"909","아이, 로봇","38420",NA,NA
"910","리즈와 파랑새","172040","63%","37%"
"911","쓰리 빌보드","158610","42%","58%"
"912","썬더와 마법저택","116251",NA,NA
"913","메가마인드","74309",NA,NA
"914","액트 오브 킬링","98280","40%","60%"
"915","비포 선셋","39043","36%","64%"
"916","극장판 루팡 3세 VS 명탐정 코난","119914","29%","71%"
"917","가장 따뜻한 색, 블루","98432","23%","77%"
"918","슈퍼배드 2","92176",NA,NA
"919","데이비드 게일","36763",NA,NA
"920","알 포인트","37261",NA,NA
"921","어바웃 어 보이","35070",NA,NA
"922","란도리","34598",NA,NA
"923","다크 워터스","190728","71%","29%"
"924","박치기!","40032",NA,NA
"925","위로공단","130376","39%","61%"
"926","혹성탈출: 진화의 시작","80629",NA,NA
"927","사이비","96997","40%","60%"
"928","스파이더맨 2","35071",NA,NA
"929","마이펫의 이중생활2","180374","24%","76%"
"930","극장판 포켓 몬스터 DP - 환영의 패왕 조로아크","77154",NA,NA
"931","내겐 너무 가벼운 그녀","33759",NA,NA
"932","더 포스트","159848","46%","54%"
"933","도그빌","36950","67%","33%"
"934","극장판 도라에몽: 진구의 보물섬","172118","27%","73%"
"935","피터 래빗","154226","20%","80%"
"936","고양이를 부탁해","31607","50%","50%"
"937","벌새","179307","29%","71%"
"938","러시 아워","19394",NA,NA
"939","대니 콜린스","115296","41%","59%"
"940","에픽 : 숲속의 전설","96325",NA,NA
"941","도라에몽:스탠바이미","127901","33%","67%"
"942","김복남 살인사건의 전말","53781",NA,NA
"943","장화, 홍련","36732","100%","20%"
"944","엘프","37756",NA,NA
"945","로드 무비","34447",NA,NA
"946","애자","51407",NA,NA
"947","나의 사랑, 그리스","147896","34%","66%"
"948","다이 하드 2","10245",NA,NA
"949","더 페이버릿: 여왕의 여자","148909","24%","76%"
"950","크리드 2","163798","79%","21%"
"951","본 아이덴티티","35273",NA,NA
"952","포켓몬 더 무비 XY 후파: 광륜의 초마신","137010","23%","77%"
"953","러시 아워 2","31629",NA,NA
"954","김씨 표류기","44910",NA,NA
"955","극장판 헬로카봇:옴파로스 섬의 비밀","181554","25%","75%"
"956","채비","162932","43%","57%"
"957","박사가 사랑한 수식","59032",NA,NA
"958","극장판 명탐정 코난:탐정들의 진혼가","48159","31%","69%"
"959","메밀꽃, 운수 좋은 날, 그리고 봄봄","123095","33%","67%"
"960","미션 임파서블: 로그네이션","95541","50%","50%"
"961","딥 임팩트","19063",NA,NA
"962","후 아 유","33420",NA,NA
"963","레고 무비2","125438","38%","62%"
"964","어드리프트:우리가 함께한 바다","172768","47%","53%"
"965","미션 임파서블 : 고스트 프로토콜","53372",NA,NA
"966","넛잡 2","121052","23%","77%"
"967","아기배달부 스토크","144945","22%","78%"
"968","아메리칸 셰프","109920","37%","63%"
"969","본 투 비 블루","126078","38%","62%"
"970","지금 만나러 갑니다","168298","48%","52%"
"971","크리스마스에 기적을 만날 확률","38106","50%","50%"
"972","고야의 유령","61482",NA,NA
"973","터닝메카드W: 블랙미러의 부활","155484","25%","75%"
"974","포켓몬 더 무비 XY&Z 「볼케니온 : 기계왕국의 비밀」","152265","27%","73%"
"975","접속","18489","100%","18%"
"976","네버랜드를 찾아서","38338",NA,NA
"977","해리 포터와 아즈카반의 죄수","35546",NA,NA
"978","슈퍼 프렌즈","131576","24%","76%"
"979","블레이드 러너","10962","53%","47%"
"980","쉐프","92312","50%","50%"
"981","바닷마을 다이어리","132610","33%","67%"
"982","퍼펙트 블루","25749",NA,NA
"983","프리키 프라이데이","37386",NA,NA
"984","빨간 구두","39750",NA,NA
"985","러덜리스","109626","44%","56%"
"986","아티스트","84856","100%","26%"
"987","스트레인저 댄 픽션","52794",NA,NA
"988","콘스탄틴","39708",NA,NA
"989","취화선","31904",NA,NA
"990","세라비, 이것이 인생!","167049","33%","67%"
"991","월터의 상상은 현실이 된다","97858","44%","56%"
"992","시라노; 연애조작단","73318","100%","19%"
"993","워크 투 리멤버","34225","33%","67%"
"994","카사블랑카","10106","50%","50%"
"995","현기증","11089","44%","56%"
"996","안녕! 유에프오","37244",NA,NA
"997","죽여주는 여자","146508","29%","71%"
"998","우리집","185450","28%","72%"
"999","스텝 업","61056",NA,NA
"1000","큐브","24602",NA,NA
"1001","신비아파트: 금빛 도깨비와 비밀의 동굴","174805","20%","80%"
"1002","브레이킹 던 part2","77566",NA,NA
"1003","보이후드","118348","44%","56%"
"1004","아더 크리스마스","81106",NA,NA
"1005","언노운 우먼","64170",NA,NA
"1006","보글보글 스폰지 밥","39676",NA,NA
"1007","가을의 전설","17173",NA,NA
"1008","브링 잇 온","30786",NA,NA
"1009","봄","112042","35%","65%"
"1010","엽문 2","52757",NA,NA
"1011","미술관 옆 동물원","19505",NA,NA
"1012","히노키오","42867",NA,NA
"1013","아모레스 페로스","32126",NA,NA
"1014","인피니트 콘서트 세컨드 인베이전 에볼루션 더 무비 3D","87246",NA,NA
"1015","공각기동대","23917","100%","23%"
"1016","사랑은 비가 갠 뒤처럼","170874","82%","18%"
"1017","붉은 돼지","19302",NA,NA
"1018","신데렐라 스토리","39150",NA,NA
"1019","엘 시크레토: 비밀의 눈동자","71546",NA,NA
"1020","닥터 스트레인지","125459","62%","38%"
"1021","유브 갓 메일","23849",NA,NA
"1022","쿵푸 팬더 2","73411",NA,NA
"1023","오페라의 유령","39369","38%","62%"
"1024","블랙 스완","72058","12%","88%"
"1025","맨체스터 바이 더 씨","137956","39%","61%"
"1026","데이라잇","17787",NA,NA
"1027","버스, 정류장","31814",NA,NA
"1028","몬스터 대학교","75415",NA,NA
"1029","블레이드 2","31705",NA,NA
"1030","딥 블루 씨","25676",NA,NA
"1031","우리들의 행복한 시간","54411",NA,NA
"1032","미운 오리 새끼","88226",NA,NA
"1033","13 구역","39804",NA,NA
"1034","워리어","74003",NA,NA
"1035","파이스토리 : 악당상어 소탕작전","100938",NA,NA
"1036","당신, 거기 있어줄래요","145292","54%","46%"
"1037","스타 트렉: 더 비기닝","62789",NA,NA
"1038","귀여운 여인","10132",NA,NA
"1039","트롤","101904","19%","81%"
"1040","겨울왕국 2","136873","36%","64%"
"1041","잠베지아: 신비한 나무섬의 비밀","91703",NA,NA
"1042","더 레슬러","50583",NA,NA
"1043","명탐정 코난: 이차원의 저격수","123420","33%","67%"
"1044","아메리칸 스나이퍼","109984","70%","30%"
"1045","허브","48742",NA,NA
"1046","스노든","134887","58%","42%"
"1047","찬실이는 복도 많지","189624","23%","77%"
"1048","부당거래","52747",NA,NA
"1049","천국의 아이들","88474",NA,NA
"1050","의천도룡기","16211",NA,NA
"1051","알리타: 배틀 엔젤","66728","64%","36%"
"1052","내가 죽기 전에 가장 듣고 싶은 말","142634",NA,NA
"1053","부르고뉴, 와인에서 찾은 인생","164684","32%","68%"
"1054","악마는 프라다를 입는다","60484",NA,NA
"1055","데드풀 2","149236","63%","37%"
"1056","고","33513",NA,NA
"1057","더 라스트: 나루토 더 무비","135342","56%","44%"
"1058","남자가 사랑할 때","106540","52%","48%"
"1059","진짜로 일어날지도 몰라 기적","87663","46%","54%"
"1060","마다가스카의 펭귄","114276","23%","77%"
"1061","귀향","49302","100%","23%"
"1062","센스 앤 센서빌리티","17458",NA,NA
"1063","데자뷰","62249",NA,NA
"1064","무간도 2 - 혼돈의 시대","37487",NA,NA
"1065","캡틴 판타스틱","127396","35%","65%"
"1066","버팔로 66","25641",NA,NA
"1067","워터보이즈","33682",NA,NA
"1068","슈퍼배드 3","132626","25%","75%"
"1069","보이 A","44981",NA,NA
"1070","짱구는 못말려 극장판: 나의 이사 이야기 선인장 대습격","137281","20%","80%"
"1071","맨 인 블랙","18153",NA,NA
"1072","명탐정 코난:수평선상의 음모","40112",NA,NA
"1073","레지던트 이블","34514",NA,NA
"1074","페르시아의 왕자: 시간의 모래","67374",NA,NA
"1075","워낭소리","50869",NA,NA
"1076","브리짓 존스의 일기","31565","25%","75%"
"1077","마미","124225","30%","70%"
"1078","레이드 2","113635",NA,NA
"1079","웨딩 싱어","19059",NA,NA
"1080","그을린 사랑","78240","100%","27%"
"1081","리틀 프린세스 소피아: 엘레나와 비밀의 아발로 왕국","161374",NA,NA
"1082","내 생애 가장 아름다운 일주일","39818",NA,NA
"1083","쿠르스크","151747","69%","31%"
"1084","몬태나","158628","52%","48%"
"1085","버니드롭","86818",NA,NA
"1086","무현, 두 도시 이야기","152183","46%","54%"
"1087","캡틴 아메리카: 시빌 워","122527","62%","38%"
"1088","고지전","74315",NA,NA
"1089","몬스터","38083",NA,NA
"1090","하늘이 보내준 딸","88783",NA,NA
"1091","야수와 미녀","41350",NA,NA
"1092","홀리데이","40678",NA,NA
"1093","보스 베이비","129094","28%","72%"
"1094","극장판 베르세르크: 황금 시대편Ⅲ - 강림","93774",NA,NA
"1095","치킨 런","29558",NA,NA
"1096","건축학개론","88426","50%","50%"
"1097","썸머 워즈","69951","50%","50%"
"1098","콜레트","171533","16%","84%"
"1099","토탈 이클립스","17498",NA,NA
"1100","용의자 X의 헌신","51282",NA,NA
"1101","로맨틱 홀리데이","64126",NA,NA
"1102","화이트 칙스","38898",NA,NA
"1103","국가대표2","141824","49%","51%"
"1104","래더 49","39473",NA,NA
"1105","세븐","17062","50%","50%"
"1106","김광석","151674","42%","58%"
"1107","조커","167613","71%","29%"
"1108","퓨리","107928","68%","32%"
"1109","소녀X소녀","65677",NA,NA
"1110","쿵푸 허슬","39576",NA,NA
"1111","말리와 나","48310",NA,NA
"1112","코알라 키드 : 영웅의 탄생","90388",NA,NA
"1113","워크래프트: 전쟁의 서막","75006","76%","24%"
"1114","더 플랜","162471","40%","60%"
"1115","행복한 사전","102216","34%","66%"
"1116","유주얼 서스펙트","17150",NA,NA
"1117","피아노","13314","40%","60%"
"1118","극장판 도라에몽: 진구의 마계 대모험 7인의 마법사","65842",NA,NA
"1119","송 포 유","98728",NA,NA
"1120","디 아워스","31867","100%","22%"
"1121","공주와 개구리","66437",NA,NA
"1122","베스트 오퍼","101248","33%","67%"
"1123","잠수종과 나비","66795","50%","50%"
"1124","투모로우","37758",NA,NA
"1125","펭귄 - 위대한 모험","41590",NA,NA
"1126","줄리 & 줄리아","52425",NA,NA
"1127","미래를 걷는 소녀","47638",NA,NA
"1128","늑대소년","88253",NA,NA
"1129","스텝 업 2 - 더 스트리트","45253",NA,NA
"1130","언싱커블","72362",NA,NA
"1131","어린왕자","114265","28%","72%"
"1132","해가 서쪽에서 뜬다면","19479",NA,NA
"1133","동사서독","11722",NA,NA
"1134","매트릭스 3 - 레볼루션","12954",NA,NA
"1135","브로크백 마운틴","43516","30%","70%"
"1136","런던시계탑 밑에서 사랑을 찾을 확률","123268","31%","69%"
"1137","프로포즈","54565",NA,NA
"1138","지금, 이대로가 좋아요","69270",NA,NA
"1139","판타스틱 Mr. 폭스","70393",NA,NA
"1140","항거:유관순 이야기","182360","34%","66%"
"1141","괴물","39841",NA,NA
"1142","포 미니츠","61865",NA,NA
"1143","리틀 러너","41595",NA,NA
"1144","파닥파닥","92116",NA,NA
"1145","로드 오브 워","43502",NA,NA
"1146","플로리다 프로젝트","164719","32%","68%"
"1147","범죄와의 전쟁 : 나쁜놈들 전성시대","82540",NA,NA
"1148","해피 피트","62699",NA,NA
"1149","캐쉬백","63879",NA,NA
"1150","엑소시스트","10065",NA,NA
"1151","아포칼립토","51579",NA,NA
"1152","69세","189373","24%","76%"
"1153","안나","171465","60%","40%"
"1154","페인티드 베일","59344",NA,NA
"1155","페이스 오브 러브","100924","46%","54%"
"1156","와니와 준하","31323",NA,NA
"1157","어바웃 슈미트","35175",NA,NA
"1158","영원한 여름","63379",NA,NA
"1159","서극의 칼","18046",NA,NA
"1160","트로이","37742","45%","55%"
"1161","그랑블루","11290","27%","73%"
"1162","잉글리쉬 페이션트","18003","39%","61%"
"1163","업사이드","167053","12%","88%"
"1164","주먹왕 랄프 2: 인터넷 속으로","152632","29%","71%"
"1165","우리들과 경찰아저씨의 700일 전쟁","50218",NA,NA
"1166","걸어도 걸어도","50749","42%","58%"
"1167","극장판 짱구는 못말려 : 습격!! 외계인 덩덩이","156477","22%","78%"
"1168","쿵푸팬더3","97692","35%","65%"
"1169","안경","69024","50%","50%"
"1170","퐁네프의 연인들","11151","49%","51%"
"1171","앤트맨과 와스프","144330","58%","42%"
"1172","사랑은 너무 복잡해","51158",NA,NA
"1173","작전","50176",NA,NA
"1174","나니아 연대기 - 캐스피언 왕자","66143",NA,NA
"1175","카메라를 멈추면 안 돼!","174301","49%","51%"
"1176","리플리","28792",NA,NA
"1177","레터스 투 줄리엣","61273","33%","67%"
"1178","친구","30889",NA,NA
"1179","날아라 허동구","61701",NA,NA
"1180","서유기 : 모험의 시작","103545","29%","71%"
"1181","수상한 고객들","79439",NA,NA
"1182","카트","118922","38%","62%"
"1183","꽃피는 봄이 오면","38378",NA,NA
"1184","고양이의 보은","37073",NA,NA
"1185","오두막","125447","24%","76%"
"1186","천국의 우편배달부","71901",NA,NA
"1187","패션 오브 크라이스트","38197",NA,NA
"1188","완벽한 타인","167638","42%","58%"
"1189","플라이","11093",NA,NA
"1190","명탐정 코난: 11번째 스트라이커","92412",NA,NA
"1191","라라랜드","134963","42%","58%"
"1192","지구","44997",NA,NA
"1193","범죄의 여왕","139701","48%","52%"
"1194","뽀로로 극장판 슈퍼썰매 대모험","101242","100%","19%"
"1195","태풍이 지나가고","146548","33%","67%"
"1196","서바이벌 패밀리","159645","67%","33%"
"1197","앤트맨","92064","60%","40%"
"1198","다우트","51689",NA,NA
"1199","드림 쏭","133447","26%","74%"
"1200","도쿄 타워","65290",NA,NA
"1201","도화선","66598",NA,NA
"1202","킹덤 오브 헤븐: 디렉터스 컷","38908","59%","41%"
"1203","새미의 어드벤쳐 2","94506",NA,NA
"1204","폭풍 속으로","11088",NA,NA
"1205","배드 지니어스","163386","33%","67%"
"1206","모터싸이클 다이어리","38551",NA,NA
"1207","국화꽃 향기","35900",NA,NA
"1208","진주만","31267",NA,NA
"1209","죽어야 사는 여자","11810",NA,NA
"1210","런치박스","111527","23%","77%"
"1211","노스 컨츄리","39377",NA,NA
"1212","러닝 스케어드","58434",NA,NA
"1213","안녕,헤이즐","118370","39%","61%"
"1214","웨이 백","52429",NA,NA
"1215","약장수","128265","41%","59%"
"1216","내가 고백을 하면","99355",NA,NA
"1217","풀 메탈 자켓","11671",NA,NA
"1218","키스 오브 드래곤","31708",NA,NA
"1219","스내치","31066",NA,NA
"1220","포카혼타스","17230",NA,NA
"1221","겟 썸","47359",NA,NA
"1222","몬스터 호텔 3","169643","19%","81%"
"1223","자전거 탄 소년","85606","47%","53%"
"1224","내니 맥피 - 우리 유모는 마법사","54435",NA,NA
"1225","아이스 에이지","34449",NA,NA
"1226","철도원","27255","58%","42%"
"1227","침묵의 목격자","109957","100%","27%"
"1228","논스톱","98484","58%","42%"
"1229","인정사정 볼 것 없다","25578",NA,NA
"1230","몬스터 콜","125401","37%","63%"
"1231","비커밍 제인","64242","100%","15%"
"1232","몬스터 호텔 2","122596","22%","78%"
"1233","캐롤","101962","25%","75%"
"1234","가족의 탄생","56447",NA,NA
"1235","라스트베가스","94766","49%","51%"
"1236","아이 필 프리티","168017","22%","78%"
"1237","4등","132946","35%","65%"
"1238","패딩턴","114248","24%","76%"
"1239","우리 생애 최고의 순간","65991",NA,NA
"1240","프레스티지","56058",NA,NA
"1241","실버라이닝 플레이북","82283","100%","18%"
"1242","드림걸즈","61450",NA,NA
"1243","소중한 날의 꿈","41635","40%","60%"
"1244","빠삐용","154288","55%","45%"
"1245","타락천사","17058",NA,NA
"1246","반창꼬","91045",NA,NA
"1247","천년여우 여우비","44044",NA,NA
"1248","올드 미스 다이어리 - 극장판","57794",NA,NA
"1249","극장판 도라에몽 진구의 아프리카 모험 : 베코와 5인의 탐험대","122581","29%","71%"
"1250","드럼라인","36506",NA,NA
"1251","감바의 대모험","144355","24%","76%"
"1252","콘스탄트 가드너","43370",NA,NA
"1253","데스 레이스","47407",NA,NA
"1254","내 아내의 모든 것","89606",NA,NA
"1255","마이펫의 이중생활","134980","25%","75%"
"1256","트레이닝 데이","32240",NA,NA
"1257","아이다호","10758",NA,NA
"1258","마음이 2","73096",NA,NA
"1259","버틀러: 대통령의 집사","93757",NA,NA
"1260","결혼은 미친 짓이다","31893",NA,NA
"1261","초한지: 영웅의 부활","83865",NA,NA
"1262","색, 계","61101","40%","60%"
"1263","내일의 기억","46153",NA,NA
"1264","스머프: 비밀의 숲","118966","22%","78%"
"1265","더 이퀄라이저","109642","67%","33%"
"1266","가디언즈 오브 갤럭시","97857","61%","39%"
"1267","더 폴: 오디어스와 환상의 문","66317",NA,NA
"1268","가려진 시간","141259","37%","63%"
"1269","컨스피러시","18429",NA,NA
"1270","우리 개 이야기","43114",NA,NA
"1271","백설공주 살인사건","122602","50%","50%"
"1272","싸이보그 그녀","65902",NA,NA
"1273","사이드웨이","39619",NA,NA
"1274","골드","143379","75%","25%"
"1275","실미도","34501",NA,NA
"1276","꿈의 제인","154980","22%","78%"
"1277","아폴로 13","17692",NA,NA
"1278","눈의 여왕3: 눈과 불의 마법대결","156675","17%","83%"
"1279","바다 탐험대 옥토넛 시즌4: 늪지탐험선K","149505","24%","76%"
"1280","트래쉬","114293","39%","61%"
"1281","코리아","81891",NA,NA
"1282","13층","24831",NA,NA
"1283","로렉스","84034",NA,NA
"1284","레드 스패로","151744","59%","41%"
"1285","발레리나","130984","21%","79%"
"1286","기사 윌리엄","32478",NA,NA
"1287","리틀 디제이","47408",NA,NA
"1288","분노","142730","36%","64%"
"1289","내일을 위한 시간","123298","44%","56%"
"1290","키사라기 미키짱","68501",NA,NA
"1291","태양은 없다","23848",NA,NA
"1292","세상에서 고양이가 사라진다면","150632","40%","60%"
"1293","람보 : 라스트 워","129282","79%","21%"
"1294","족구왕","103797","47%","53%"
"1295","심야식당2","156091","50%","50%"
"1296","오싹한 연애","78851",NA,NA
"1297","단테스 피크","18015",NA,NA
"1298","와호장룡","29712",NA,NA
"1299","엘리트 스쿼드","47088",NA,NA
"1300","데드 맨 워킹","17744",NA,NA
"1301","뉴 폴리스 스토리","39479",NA,NA
"1302","노예 12년","90901","45%","55%"
"1303","극장판 포켓 몬스터 DP - 아르세우스 초극의 시공으로","70118",NA,NA
"1304","신비아파트 극장판 하늘도깨비 대 요르문간드","189046","24%","76%"
"1305","벨벳 골드마인","25670","19%","81%"
"1306","슈렉 2","34519",NA,NA
"1307","올가미","18572",NA,NA
"1308","창","18487",NA,NA
"1309","몽타주","96911",NA,NA
"1310","사랑할 때 버려야 할 아까운 것들","37938",NA,NA
"1311","윈드 리버","149757","66%","34%"
"1312","엽문3: 최후의 대결","112082",NA,NA
"1313","강철중: 공공의 적 1-1","68217",NA,NA
"1314","개구쟁이 스머프","65893",NA,NA
"1315","덤 앤 더머","17025",NA,NA
"1316","중독노래방","126961","43%","57%"
"1317","맨 프럼 어스","48690",NA,NA
"1318","그녀","101950","38%","62%"
"1319","레디 플레이어 원","136898","64%","36%"
"1320","스파이더위크가의 비밀","67366",NA,NA
"1321","장고:분노의 추적자","87311",NA,NA
"1322","미드나잇 인 파리","74610","39%","61%"
"1323","록키 호러 픽쳐 쇼","18933","12%","88%"
"1324","사우스포","81967","56%","44%"
"1325","퀼","38455",NA,NA
"1326","화씨 9/11","38547",NA,NA
"1327","혹성탈출: 반격의 서막","99740","59%","41%"
"1328","메리에겐 뭔가 특별한 것이 있다","19334",NA,NA
"1329","세이프 헤이븐","99799",NA,NA
"1330","BB 프로젝트","62742",NA,NA
"1331","렛 미 인","49957",NA,NA
"1332","러브 라이브! 더 스쿨 아이돌 무비","140895","71%","29%"
"1333","레드 드래곤","35733",NA,NA
"1334","도리를 찾아서","97629","26%","74%"
"1335","괴물의 아이","134134","47%","53%"
"1336","쩨쩨한 로맨스","75724",NA,NA
"1337","정글","158623","50%","50%"
"1338","빅쇼트","136842","56%","44%"
"1339","훌라 걸스","63483",NA,NA
"1340","레이디 버드","158611","22%","78%"
"1341","몬테 크리스토 백작","33048",NA,NA
"1342","웜 바디스","92047",NA,NA
"1343","로스트 인 더스트","137971","65%","35%"
"1344","졸업","10453","78%","22%"
"1345","재심","149512","51%","49%"
"1346","양지의 그녀","100076","18%","82%"
"1347","짱구는 못말려 극장판：엄청 맛있어! B급 음식 서바이벌!","103241","28%","72%"
"1348","오빠생각","136686","41%","59%"
"1349","더 문","53902",NA,NA
"1350","극한직업","167651","45%","55%"
"1351","파퍼씨네 펭귄들","82142",NA,NA
"1352","아이언 마스크","19078",NA,NA
"1353","백엔의 사랑","131637","23%","77%"
"1354","더 콘서트","72443",NA,NA
"1355","매치스틱 맨","36853",NA,NA
"1356","마스터 앤드 커맨더: 위대한 정복자","37686",NA,NA
"1357","아비정전","10546","22%","78%"
"1358","우리, 사랑일까요?","40208",NA,NA
"1359","기생충","161967","49%","51%"
"1360","블루 재스민","104331","100%","23%"
"1361","디 아더스","33062","100%","26%"
"1362","아워 이디엇 브라더","81028","100%","25%"
"1363","데몰리션","133424","40%","60%"
"1364","이탈리안 잡","37049",NA,NA
"1365","언페이스풀","34969",NA,NA
"1366","호빗: 다섯 군대 전투","97816","59%","41%"
"1367","그녀에게","35388","39%","61%"
"1368","미 비포 유","137915","38%","62%"
"1369","스탈린그라드: 최후의 전투","18730",NA,NA
"1370","다크 시티","19529",NA,NA
"1371","아무르","92505","43%","57%"
"1372","위아 유어 프렌즈","130943","39%","61%"
"1373","일루셔니스트","76014","22%","78%"
"1374","데어 윌 비 블러드","66034","50%","50%"
"1375","회복","72406",NA,NA
"1376","어톤먼트","68035",NA,NA
"1377","식객","62167",NA,NA
"1378","디스커넥트","97747",NA,NA
"1379","고백","76103",NA,NA
"1380","카3: 새로운 도전","152396","31%","69%"
"1381","링","28465",NA,NA
"1382","아이, 토냐","154293","48%","52%"
"1383","분노의 질주: 더 오리지널","47587",NA,NA
"1384","컬러풀","76580",NA,NA
"1385","삼진그룹 영어토익반","189141","41%","59%"
"1386","레고 배트맨 무비","132627","32%","68%"
"1387","내가 살인범이다","78790",NA,NA
"1388","호빗 : 스마우그의 폐허","74566","44%","56%"
"1389","더 킹: 헨리 5세","187526","39%","61%"
"1390","킥 애스: 영웅의 탄생","70992",NA,NA
"1391","나쁜 교육","39368",NA,NA
"1392","싱글 맨","51690","29%","71%"
"1393","로그 원: 스타워즈 스토리","136868","68%","32%"
"1394","스틸 앨리스","120759","26%","74%"
"1395","당신이 사랑하는 동안에","38318","30%","70%"
"1396","보리밭을 흔드는 바람","49380","60%","40%"
"1397","넘버 3","18353",NA,NA
"1398","아더와 미니모이: 제1탄 비밀 원정대의 출정","62799",NA,NA
"1399","로봇, 소리","136821","42%","58%"
"1400","남극의 쉐프","72524","50%","50%"
"1401","악마는 사라지지 않는다","191560",NA,NA
"1402","메종 드 히미코","44022",NA,NA
"1403","꽃보다 남자","46874",NA,NA
"1404","문영","144578","21%","79%"
"1405","와일드","118395","38%","62%"
"1406","엔드 오브 왓치","85351",NA,NA
"1407","고녀석 맛나겠다2 : 함께라서 행복해","126386","23%","77%"
"1408","극장판 파워레인저 다이노포스VS고버스터즈 공룡 대결전! ~안녕, 영원한 친구여~","121047",NA,NA
"1409","헤이트풀8","124238","40%","60%"
"1410","울프 콜","189028","69%","31%"
"1411","목소리의 형태","153964","66%","34%"
"1412","거꾸로 된 파테마","110125","65%","35%"
"1413","폰 부스","36337",NA,NA
"1414","옥자","143435","38%","62%"
"1415","더 와이프","167054","26%","74%"
"1416","셰익스피어 인 러브","22012",NA,NA
"1417","국경의 남쪽","50278",NA,NA
"1418","미스 페레그린과 이상한 아이들의 집","129383","43%","57%"
"1419","위대한 유산","19076",NA,NA
"1420","슈퍼 사이즈 미","38789",NA,NA
"1421","리틀 프린세스 소피아: 신비한 섬","165514",NA,NA
"1422","세인트 빈센트","118367","53%","47%"
"1423","럭키","140695","51%","49%"
"1424","탐정 : 더 비기닝","124201","43%","57%"
"1425","왓 위민 원트","30343",NA,NA
"1426","터미네이터: 다크 페이트","167605","67%","33%"
"1427","로렌스 애니웨이 ","95203","22%","78%"
"1428","블랙 가스펠","112666",NA,NA
"1429","아메리칸 갱스터","62175",NA,NA
"1430","로봇","39769",NA,NA
"1431","명량","93756","53%","47%"
"1432","나는 부정한다","144984","36%","64%"
"1433","레고 무비","99094","36%","64%"
"1434","하트브레이커스","32026",NA,NA
"1435","정글북","122489","43%","57%"
"1436","에어로너츠","167658","51%","49%"
"1437","플레이스 비욘드 더 파인즈","84349",NA,NA
"1438","닥터 슬립","185912","55%","45%"
"1439","매직 아워","49783",NA,NA
"1440","지. 아이. 제인","18563",NA,NA
"1441","바람의 전설","37355",NA,NA
"1442","레토","173840","36%","64%"
"1443","캐리","11757","100%","25%"
"1444","바이스","168045","44%","56%"
"1445","밀정","137952","52%","48%"
"1446","금발이 너무해","32900",NA,NA
"1447","지옥의 묵시록","10501","89%","11%"
"1448","아쿠아마린","44449",NA,NA
"1449","행복 목욕탕","154029","41%","59%"
"1450","노다메 칸타빌레 Vol.1","73074",NA,NA
"1451","오늘 밤, 로맨스 극장에서","170859","24%","76%"
"1452","네버다이 버터플라이","114139",NA,NA
"1453","에놀라 홈즈","196389",NA,NA
"1454","동경가족","99769","37%","63%"
"1455","맘마미아!","66381","100%","15%"
"1456","시카리오: 데이 오브 솔다도","152680","70%","30%"
"1457","머드","94503",NA,NA
"1458","라스베가스에서만 생길 수 있는 일","67195",NA,NA
"1459","허트 로커","68945",NA,NA
"1460","다이노 타임","78294",NA,NA
"1461","스니치","101062",NA,NA
"1462","명탐정 코난 : 화염의 해바라기","134136","23%","77%"
"1463","거북이 달린다","49483",NA,NA
"1464","밀크","46528",NA,NA
"1465","챔프","74736",NA,NA
"1466","7년-그들이 없는 언론","146526","42%","58%"
"1467","베스트 오브 미","118384","42%","58%"
"1468","리틀 포레스트2: 겨울과 봄","137347","32%","68%"
"1469","카페 벨에포크","185285","31%","69%"
"1470","트리플 9","125423","71%","29%"
"1471","극장판 암살교실: 365일의 시간","160750","43%","57%"
"1472","존 말코비치 되기","27564","33%","67%"
"1473","성실한 나라의 앨리스","118323","54%","46%"
"1474","500일의 썸머","53152","54%","46%"
"1475","스파이 브릿지","129333","59%","41%"
"1476","블랙머니","189053","55%","45%"
"1477","나이트 크롤러","117786","63%","37%"
"1478","위험한 패밀리","95808","43%","57%"
"1479","어둠 속의 댄서","29797","45%","55%"
"1480","앵그리 버드 2: 독수리 왕국의 침공","167599","27%","73%"
"1481","3:10 투 유마","66102",NA,NA
"1482","노스페이스","50721",NA,NA
"1483","시애틀의 잠 못 이루는 밤","12918","33%","67%"
"1484","허니","36742",NA,NA
"1485","무명인","96910","60%","40%"
"1486","마션","129049","56%","44%"
"1487","하나와 앨리스 : 살인사건","134133","40%","60%"
"1488","언브로큰","104478","60%","40%"
"1489","라 비 앙 로즈","65923","100%","16%"
"1490","레고 닌자고 무비","125439","27%","73%"
"1491","위대한 개츠비","88461",NA,NA
"1492","샬롯의 거미줄","56225",NA,NA
"1493","필로미나의 기적","108734","24%","76%"
"1494","언터처블","10068",NA,NA
"1495","극장판 파워레인저 트레인포스VS 다이노포스 THE MOVIE","135807","25%","75%"
"1496","품행 제로","34190",NA,NA
"1497","너를 만난 여름","187787","33%","67%"
"1498","너의 결혼식","140652","46%","54%"
"1499","호빗 : 뜻밖의 여정","68073",NA,NA
"1500","킬러의 보디가드","152625","51%","49%"
"1501","최강전사 미니특공대 : 영웅의 탄생","145376",NA,NA
"1502","플로렌스","136845","29%","71%"
"1503","천재강아지 미스터 피바디","100015","30%","70%"
"1504","러스트 앤 본","94300",NA,NA
"1505","월레스와 그로밋 - 거대 토끼의 저주","44006",NA,NA
"1506","혜화,동","74453","25%","75%"
"1507","리틀 포레스트: 여름과 가을","129459","31%","69%"
"1508","일주일간 친구","148996","50%","50%"
"1509","스윙키즈","164101","33%","67%"
"1510","앨빈과 슈퍼밴드 3","84843",NA,NA
"1511","탐정: 리턴즈","159892","44%","56%"
"1512","패컬티","24522",NA,NA
"1513","영주","164102","25%","75%"
"1514","오펀: 천사의 비밀","54704",NA,NA
"1515","우리 형","38384",NA,NA
"1516","숀더쉽","129164","21%","79%"
"1517","드림업","47425",NA,NA
"1518","마이 파더","65840",NA,NA
"1519","헷지","52551",NA,NA
"1520","어글리 트루스","53350",NA,NA
"1521","소라닌","52996",NA,NA
"1522","슬픔보다 더 슬픈 이야기","51781",NA,NA
"1523","내겐 너무 아찔한 그녀","38319",NA,NA
"1524","렌트","56065",NA,NA
"1525","새벽의 저주","38364",NA,NA
"1526","소리꾼","189118","51%","49%"
"1527","명탐정 코난 : 감벽의 관","66725","28%","72%"
"1528","영웅: 천하의 시작","34431","80%","20%"
"1529","필라델피아","16121",NA,NA
"1530","미씽: 사라진 여자","142625","39%","61%"
"1531","달마야 놀자","31922",NA,NA
"1532","제이슨 본","144968","58%","42%"
"1533","장화신은 고양이","83546",NA,NA
"1534","히야","129096","12%","88%"
"1535","지렁이","134891","80%","20%"
"1536","박스트롤","109971","28%","72%"
"1537","오멘","10066",NA,NA
"1538","가족","37974",NA,NA
"1539","마이 리틀 히어로","91606",NA,NA
"1540","하늘을 걷는 남자","125405","50%","50%"
"1541","그랜드 부다페스트 호텔","97612","39%","61%"
"1542","달콤, 살벌한 연인","55405",NA,NA
"1543","우아한 거짓말","106522","39%","61%"
"1544","모어 댄 블루","179430","48%","52%"
"1545","레미제라블","89755","33%","67%"
"1546","티파니에서 아침을","10073","20%","80%"
"1547","워터월드","17116",NA,NA
"1548","엘라의 계곡","68258",NA,NA
"1549","머니볼","51786",NA,NA
"1550","인 디 에어","53307",NA,NA
"1551","스파이더맨: 파 프롬 홈","173123","61%","39%"
"1552","레볼루셔너리 로드","66584",NA,NA
"1553","셔터 아일랜드","69689",NA,NA
"1554","써드 퍼슨","98483","44%","56%"
"1555","천국보다 아름다운","19503",NA,NA
"1556","워 호스","79315",NA,NA
"1557","액트 오브 밸러: 최정예 특수부대","86823",NA,NA
"1558","블레이드","19459",NA,NA
"1559","사쿠란","60022",NA,NA
"1560","더블 타겟","65113",NA,NA
"1561","케이온","88494",NA,NA
"1562","극장판 요괴워치: 염라대왕과 5개의 이야기다냥!","137884","21%","79%"
"1563","복수는 나의 것","32667","67%","33%"
"1564","카모메 식당","63969","100%","30%"
"1565","리턴","60480",NA,NA
"1566","바스터즈: 거친 녀석들","52245",NA,NA
"1567","레지던트 이블: 파멸의 날","110333","63%","37%"
"1568","플루토에서 아침을","56362",NA,NA
"1569","킹스맨: 골든 서클","149747","57%","43%"
"1570","개들의 섬","150097","34%","66%"
"1571","런","190722","53%","47%"
"1572","비우티풀","75241",NA,NA
"1573","나잇 & 데이","71486",NA,NA
"1574","터널","141104","50%","50%"
"1575","파프리카","63515",NA,NA
"1576","부활","133496","46%","54%"
"1577","옹박 - 무에타이의 후예","37642",NA,NA
"1578","주디","167637","32%","68%"
"1579","스파이더맨: 홈커밍","135874","59%","41%"
"1580","냉정과 열정 사이","34532","31%","69%"
"1581","나의 결혼 원정기","39441",NA,NA
"1582","밤쉘: 세상을 바꾼 폭탄선언","191143","29%","71%"
"1583","용의자","93028","58%","42%"
"1584","반칙왕","28845",NA,NA
"1585","젠틀맨","190720","68%","32%"
"1586","태양의 제국","10636",NA,NA
"1587","뮨: 달의 요정","140139","24%","76%"
"1588","초속5센티미터","66820","52%","48%"
"1589","아쿠아맨","151153","54%","46%"
"1590","스크림","23847",NA,NA
"1591","이파네마 소년","52498",NA,NA
"1592","P.S 아이 러브 유","69099",NA,NA
"1593","미성년","171785","27%","73%"
"1594","안도 타다오","148863","39%","61%"
"1595","러브 라이브! 선샤인!! 더 스쿨 아이돌 무비 오버 더 레인보우","181711","79%","21%"
"1596","덕혜옹주","94767","39%","61%"
"1597","형","142803","43%","57%"
"1598","아키라","20308","55%","45%"
"1599","들개","115955","18%","82%"
"1600","드래프트 데이","110649","45%","55%"
"1601","거짓말","130344","43%","57%"
"1602","비비안 마이어를 찾아서","113983","38%","62%"
"1603","우아한 세계","47414",NA,NA
"1604","슈퍼 빼꼼: 스파이 대작전","94183","25%","75%"
"1605","케빈에 대하여","86843","29%","71%"
"1606","완벽한 그녀에게 딱 한가지 없는 것","38572",NA,NA
"1607","상하이","47428",NA,NA
"1608","50/50","78846",NA,NA
"1609","신데렐라","101963","28%","72%"
"1610","다가오는 것들","147945","26%","74%"
"1611","홈","122197","23%","77%"
"1612","라운더스","22080",NA,NA
"1613","Mr. 히치 - 당신을 위한 데이트 코치","40034",NA,NA
"1614","월요일이 사라졌다","118955","56%","44%"
"1615","낮술","49637",NA,NA
"1616","페어 러브","66001",NA,NA
"1617","토르: 다크 월드","95873",NA,NA
"1618","한 번 더 해피엔딩","124288","47%","53%"
"1619","닌자터틀 : 어둠의 히어로","137908","53%","47%"
"1620","천년여우","33652",NA,NA
"1621","유령 신부","42842",NA,NA
"1622","시절인연","102028",NA,NA
"1623","그린치","150688","22%","78%"
"1624","셰이프 오브 워터: 사랑의 모양","158626","39%","61%"
"1625","마지막선물...귀휴","65751",NA,NA
"1626","이웃집 남자","54349",NA,NA
"1627","블루 발렌타인","73588","60%","40%"
"1628","바다 탐험대 옥토넛 시즌4: 아슬아슬 구조대작전","149576",NA,NA
"1629","이스케이프 플랜","92067",NA,NA
"1630","스폰지밥3D","125841","31%","69%"
"1631","1919 유관순","182407","35%","65%"
"1632","18 : 우리들의 성장 느와르","102431","50%","50%"
"1633","파운더","137976","62%","38%"
"1634","런어웨이","37708",NA,NA
"1635","암수살인","167105","53%","47%"
"1636","강철비","155665","56%","44%"
"1637","롱기스트 야드","39910",NA,NA
"1638","극장판 도라에몽: 진구의 우주영웅기~스페이스 히어로즈~","134685","26%","74%"
"1639","현기증","113303","26%","74%"
"1640","수퍼 소닉","172816","51%","49%"
"1641","폭력의 법칙: 나쁜 피 두 번째 이야기","154136","80%","20%"
"1642","좋아해, 너를","144213","100%","4%"
"1643","어카운턴트","134859","70%","30%"
"1644","팬텀 스레드","158645","40%","60%"
"1645","유레루","60510",NA,NA
"1646","프로포즈 데이","72222",NA,NA
"1647","원챈스","113163","59%","41%"
"1648","검은 사제들","120157","44%","56%"
"1649","우리들의 헤어진 여자친구","114142",NA,NA
"1650","마음이 외치고 싶어해","142292",NA,NA
"1651","우리 집에 왜 왔니","51957",NA,NA
"1652","보이 걸 씽","65553",NA,NA
"1653","너의 췌장을 먹고 싶어","175318","69%","31%"
"1654","노미오와 줄리엣","76444",NA,NA
"1655","더 콜","91700",NA,NA
"1656","헝거게임: 캣칭 파이어","94170",NA,NA
"1657","어벤져스: 에이지 오브 울트론","98438","59%","41%"
"1658","프리즌 이스케이프","193804","60%","40%"
"1659","신은 죽지 않았다 3: 어둠 속의 빛","172344","33%","67%"
"1660","데스티네이션","29223",NA,NA
"1661","킹스 스피치","76439",NA,NA
"1662","마야","127707",NA,NA
"1663","리스본행 야간열차","103178","31%","69%"
"1664","극장판 요괴워치: 하늘을 나는 고래와 더블세계다냥!","156200","28%","72%"
"1665","할렐루야","18347",NA,NA
"1666","시카리오: 암살자의 도시","125466","64%","36%"
"1667","매그놀리아","28789","72%","28%"
"1668","제보자","128235","50%","50%"
"1669","싱글라이더","146459","49%","51%"
"1670","모짜르트와 고래","42877",NA,NA
"1671","아틱","175039","55%","45%"
"1672","나를 찾아줘","116234","51%","49%"
"1673","내 인생의 마지막 변화구","92827",NA,NA
"1674","킬 빌 - 1부","13244",NA,NA
"1675","굿모닝 에브리원","52972",NA,NA
"1676","특별수사: 사형수의 편지","130720","51%","49%"
"1677","몬스터 패밀리","163844","22%","78%"
"1678","나 없는 내 인생","37733",NA,NA
"1679","우리도 사랑일까","78845","38%","62%"
"1680","유스","139438","33%","67%"
"1681","패터슨","144975","32%","68%"
"1682","리오 2","103324","29%","71%"
"1683","나우 유 씨 미 2","113344","52%","48%"
"1684","엑시트","174903","45%","55%"
"1685","튼튼이의 모험","162423","54%","46%"
"1686","엔젤 해즈 폴른","163831","69%","31%"
"1687","나의 첫 번째 슈퍼스타","193781","29%","71%"
"1688","무인 곽원갑","57897",NA,NA
"1689","파파로티","85640",NA,NA
"1690","주유소 습격사건","25970",NA,NA
"1691","불청객","76791",NA,NA
"1692","킬러들의 수다","31606",NA,NA
"1693","양자물리학","187629","57%","43%"
"1694","씬 시티","39908",NA,NA
"1695","메기","179398","24%","76%"
"1696","황색 눈물","64923",NA,NA
"1697","해피 엔드","26350",NA,NA
"1698","덩케르크","146480","62%","38%"
"1699","프로스트 VS 닉슨","47404",NA,NA
"1700","그래비티","47370","53%","47%"
"1701","우리가 꿈꾸는 기적: 인빅터스","71083",NA,NA
"1702","더 재킷","40101",NA,NA
"1703","비밀","31371","100%","20%"
"1704","김종욱 찾기","74893",NA,NA
"1705","앵그리버드 더 무비","133457","28%","72%"
"1706","고스트버스터즈","10095",NA,NA
"1707","옹박 - 두번째 미션","41334",NA,NA
"1708","칠드런 오브 맨","63113","53%","47%"
"1709","위 워 솔저스","34416",NA,NA
"1710","쏘우 2","43210",NA,NA
"1711","램페이지","162249","58%","42%"
"1712","데인저러스 메소드","74058",NA,NA
"1713","향수 - 어느 살인자의 이야기","52553","41%","59%"
"1714","로드 투 퍼디션","31310",NA,NA
"1715","겟 아웃","156083","52%","48%"
"1716","캐리비안의 해적: 죽은 자는 말이 없다","82473","59%","41%"
"1717","나의 특별한 사랑 이야기","66253",NA,NA
"1718","신기전","63824",NA,NA
"1719","저수지의 개들","16570",NA,NA
"1720","앨빈과 슈퍼밴드: 악동 어드벤처","113301","24%","76%"
"1721","더 테러 라이브","99794",NA,NA
"1722","메이즈 러너","105015","52%","48%"
"1723","테넷","190010","66%","34%"
"1724","7급 공무원","51082",NA,NA
"1725","안녕, 형아","39427",NA,NA
"1726","에너미 라인스","34076",NA,NA
"1727","헤어스프레이","45535",NA,NA
"1728","데스 노트 - 라스트 네임","63562",NA,NA
"1729","해적: 바다로 간 산적","102817","47%","53%"
"1730","라이온 킹","169637","42%","58%"
"1731","인크레더블 헐크","62560",NA,NA
"1732","시간 여행자의 아내","68086",NA,NA
"1733","분노의 질주","32723",NA,NA
"1734","노아의 방주: 남겨진 녀석들","133223","25%","75%"
"1735","크래쉬","39840",NA,NA
"1736","인랑","29892",NA,NA
"1737","버드맨","107306","50%","50%"
"1738","공조","142384","46%","54%"
"1739","미스터 노바디","70615",NA,NA
"1740","사도","121922","43%","57%"
"1741","원티드","66834",NA,NA
"1742","바람의 검, 신선조","37720",NA,NA
"1743","콜드 워","174832","43%","57%"
"1744","판타스틱 소녀 백서","32975",NA,NA
"1745","아이 인 더 스카이","125419","58%","42%"
"1746","이별계약","105002",NA,NA
"1747","시간","57829",NA,NA
"1748","청년경찰","153652","45%","55%"
"1749","브라더스","69866",NA,NA
"1750","트루 로맨스","16201",NA,NA
"1751","거울나라의 앨리스","118953","32%","68%"
"1752","이퀄스","127361","36%","64%"
"1753","간츠: 오","153729","90%","10%"
"1754","바다 탐험대 옥토넛 시즌4: 바다 괴물 대소동","158266",NA,NA
"1755","우리의 20세기","143390","25%","75%"
"1756","구스범스","127866","38%","62%"
"1757","아메리칸 싸이코","28910",NA,NA
"1758","피터와 드래곤","134847","28%","72%"
"1759","종려나무 숲","42931",NA,NA
"1760","컨택트","136869","56%","44%"
"1761","판의 미로 - 오필리아와 세 개의 열쇠","49336","32%","68%"
"1762","짱구는 못말려 극장판 : 태풍을 부르는 황금 스파이 대작전","90553",NA,NA
"1763","쓰리 데이즈","72043",NA,NA
"1764","슈퍼미니","116327","30%","70%"
"1765","벤허","125468","50%","50%"
"1766","애프터: 그 후","195442","12%","88%"
"1767","스탠리의 도시락","86177",NA,NA
"1768","살아남은 아이","159894","35%","65%"
"1769","무지개 여신","63485",NA,NA
"1770","레드카펫","106332","49%","51%"
"1771","사랑할 때 이야기하는 것들","60548",NA,NA
"1772","판도라","132933","49%","51%"
"1773","하늘에서 음식이 내린다면","53041",NA,NA
"1774","멋진 악몽","77835",NA,NA
"1775","짱구는 못말려 극장판: 태풍을 부르는 나와 우주의 프린세스","93002",NA,NA
"1776","오블리비언","85633",NA,NA
"1777","명탐정 코난 : 코난 실종사건 - 사상 최악의 이틀","133380","35%","65%"
"1778","좋아해줘","136893","39%","61%"
"1779","장사리 : 잊혀진 영웅들","159806","59%","41%"
"1780","킹스글레이브: 파이널 판타지 XV","149797","82%","18%"
"1781","올 이즈 로스트","91189",NA,NA
"1782","메소드","165669","17%","83%"
"1783","댄 인 러브","69339",NA,NA
"1784","아이스 에이지 4: 대륙 이동설","82227",NA,NA
"1785","나의 PS 파트너","90885",NA,NA
"1786","저 산 너머","193092","38%","62%"
"1787","여고괴담 두번째 이야기","25917","29%","71%"
"1788","불량 공주 모모코","38823",NA,NA
"1789","그래, 가족","151192","32%","68%"
"1790","크리스마스 캐롤","68204",NA,NA
"1791","컨저링 2","114282","58%","42%"
"1792","포화 속으로","51386",NA,NA
"1793","타임 패러독스","118347","58%","42%"
"1794","내안의 그놈","164172","42%","58%"
"1795","폼포코 너구리 대작전","22749",NA,NA
"1796","베티블루 37.2","12787","29%","71%"
"1797","마이펫 오지","157500","20%","80%"
"1798","벼랑 위의 포뇨","66464","100%","21%"
"1799","클라우드 아틀라스","82389",NA,NA
"1800","허비 - 첫 시동을 걸다","41592",NA,NA
"1801","화벽","82262",NA,NA
"1802","컬러풀 웨딩즈","125426","33%","67%"
"1803","69 식스티 나인","39632",NA,NA
"1804","프라임 러브","43610",NA,NA
"1805","일루셔니스트","54871",NA,NA
"1806","월드워Z","51777","100%","28%"
"1807","월스트리트: 분노의 복수","108043",NA,NA
"1808","코어","36839",NA,NA
"1809","파더 앤 도터","123275","41%","59%"
"1810","말레피센트","92003","36%","64%"
"1811","페넬로피","65242",NA,NA
"1812","인투 더 스톰","100990","54%","46%"
"1813","사랑을 놓치다","42690",NA,NA
"1814","노인을 위한 나라는 없다","66751","48%","52%"
"1815","원 데이","79770","44%","56%"
"1816","팅커 테일러 솔저 스파이","80219","100%","22%"
"1817","팬도럼","54290",NA,NA
"1818","아르고","91603",NA,NA
"1819","발레 교습소","38138",NA,NA
"1820","엑스맨 2 - 엑스투","35110",NA,NA
"1821","서약","84414",NA,NA
"1822","연애, 그 참을 수 없는 가벼움","58273",NA,NA
"1823","오! 브라더스","36720",NA,NA
"1824","엑스맨 탄생: 울버린","64161",NA,NA
"1825","무산일기","78300",NA,NA
"1826","비기너스","78672",NA,NA
"1827","철콘 근크리트","64089",NA,NA
"1828","럭키 넘버 슬레븐","47401",NA,NA
"1829","플란다스의 개","28267","75%","25%"
"1830","미스터 캣","137972","34%","66%"
"1831","빅 아이즈","81464","38%","62%"
"1832","제로 다크 서티","85141","100%","35%"
"1833","캐리비안의 해적 - 세상의 끝에서","43679",NA,NA
"1834","서양골동양과자점 앤티크","69467",NA,NA
"1835","아나콘다","18564",NA,NA
"1836","마녀","175322","52%","48%"
"1837","홀리","88275",NA,NA
"1838","멋진 하루","69023","100%","23%"
"1839","미라클 프롬 헤븐","140787","42%","58%"
"1840","해리 포터와 죽음의 성물 - 1부","67901",NA,NA
"1841","브리짓 존스의 일기 - 열정과 애정","38906",NA,NA
"1842","전우치","48227",NA,NA
"1843","577 프로젝트","91391",NA,NA
"1844","마루 밑 아리에티","73301",NA,NA
"1845","거북이는 의외로 빨리 헤엄친다","42869",NA,NA
"1846","컨테이젼","32972",NA,NA
"1847","데드풀","75426","65%","35%"
"1848","디스 민즈 워","76692",NA,NA
"1849","SMTOWN THE STAGE","140109",NA,NA
"1850","1번가의 기적","61103",NA,NA
"1851","스타트렉 비욘드","125414","53%","47%"
"1852","화성 아이, 지구 아빠","65513",NA,NA
"1853","나의 사적인 여자친구","129671","29%","71%"
"1854","마지막 4중주","98744","30%","70%"
"1855","셰임","87163","14%","86%"
"1856","이스턴 프라미스","65197",NA,NA
"1857","아이스 에이지: 지구 대충돌","127378","22%","78%"
"1858","21 그램","37951","100%","20%"
"1859","환절기","148647","42%","58%"
"1860","디파이언스","47364",NA,NA
"1861","저지 걸","35941",NA,NA
"1862","체인지","17920",NA,NA
"1863","봄날의 곰을 좋아하세요?","36352",NA,NA
"1864","파가니니: 악마의 바이올리니스트","118652","36%","64%"
"1865","문호 스트레이독스 [데드애플]","172117","15%","85%"
"1866","와일드 테일즈: 참을 수 없는 순간","124844","28%","72%"
"1867","해피 데스데이","164932","49%","51%"
"1868","리미트리스","76452",NA,NA
"1869","셜록 홈즈","51132",NA,NA
"1870","맨 프롬 UNCLE","90591","44%","56%"
"1871","엑스맨: 아포칼립스","119430","62%","38%"
"1872","로빈슨 크루소","147834","31%","69%"
"1873","신은 죽지 않았다 2","147054","31%","69%"
"1874","야구소녀","189633","25%","75%"
"1875","퀸카로 살아남는 법","38582",NA,NA
"1876","더 테너 리리코 스핀토","93793","38%","62%"
"1877","아나키스트","26980",NA,NA
"1878","맨 인 블랙 3","75173",NA,NA
"1879","천일의 스캔들","61845",NA,NA
"1880","4월 이야기","27404","100%","23%"
"1881","터미네이터: 미래전쟁의 시작","66520",NA,NA
"1882","나쁜 녀석들 2","34486",NA,NA
"1883","패스트 & 퓨리어스 2","36857",NA,NA
"1884","더 임파서블","82924",NA,NA
"1885","몬스터 호텔","87305",NA,NA
"1886","신비한 동물사전","115642","47%","53%"
"1887","가구야공주 이야기","103708","34%","66%"
"1888","황시","65836",NA,NA
"1889","링컨 차를 타는 변호사","80626",NA,NA
"1890","플레이","79149",NA,NA
"1891","빌리와 용감한 녀석들 3","133169",NA,NA
"1892","라파예트","63017",NA,NA
"1893","스카우트","66510",NA,NA
"1894","로마 위드 러브","84917","44%","56%"
"1895","스워드피쉬","31939",NA,NA
"1896","안나 카레니나","93217",NA,NA
"1897","경계선","175045","49%","51%"
"1898","기억의 밤","160399","47%","53%"
"1899","사일런스","90922","48%","52%"
"1900","클루리스","17417",NA,NA
"1901","슬리피 할로우","28099",NA,NA
"1902","127 시간","72327",NA,NA
"1903","바람의 파이터","33837",NA,NA
"1904","터키","107053","20%","80%"
"1905","블라인드 멜로디","180166","42%","58%"
"1906","호튼","65473",NA,NA
"1907","신암행어사","39563",NA,NA
"1908","작전명 발키리","68063",NA,NA
"1909","언어의 정원","106335","51%","49%"
"1910","프랑켄위니","76956",NA,NA
"1911","장난스런 키스","180381","23%","77%"
"1912","핫 칙","36508",NA,NA
"1913","클라우즈 오브 실스마리아","109640","33%","67%"
"1914","비포 미드나잇","102309","30%","70%"
"1915","에반게리온: 서","67382",NA,NA
"1916","앙코르","42493",NA,NA
"1917","워터호스","65877",NA,NA
"1918","꾸뻬씨의 행복여행","101953","38%","62%"
"1919","천사와 악마","61503",NA,NA
"1920","폭스캐처","100676","50%","50%"
"1921","하트 오브 더 씨","114225","51%","49%"
"1922","무언의 목격자","17462",NA,NA
"1923","진주 귀걸이를 한 소녀","37937","29%","71%"
"1924","극장판 포켓몬스터 베스트위시 : 큐레무 VS 성검사 케르디오","96377",NA,NA
"1925","쏘우","39614",NA,NA
"1926","마더","47701","82%","18%"
"1927","잠깐만 회사 좀 관두고 올게","159741","39%","61%"
"1928","록키 4","10024",NA,NA
"1929","고령화 가족","97693",NA,NA
"1930","클로저","39723","34%","66%"
"1931","차일드 44","102934","50%","50%"
"1932","아델라인 : 멈춰진 시간","118954","57%","43%"
"1933","릴리 슈슈의 모든 것","31477",NA,NA
"1934","내 첫사랑을 너에게 바친다","72012",NA,NA
"1935","플랜맨","103759","64%","36%"
"1936","불량남녀","75400",NA,NA
"1937","인사이드 르윈","89627","47%","53%"
"1938","야간비행","120042","34%","66%"
"1939","저스트 라이크 헤븐","43844",NA,NA
"1940","디센던트","81834",NA,NA
"1941","극장판 짱구는 못말려: 아뵤! 쿵후 보이즈 ~라면 대란~","172975","28%","72%"
"1942","인디펜던스 데이","17416",NA,NA
"1943","사랑보다 아름다운 유혹","24280",NA,NA
"1944","극장판 도라에몽: 진구의 인어대해전","74485",NA,NA
"1945","메리 포핀스 리턴즈","151151","24%","76%"
"1946","원라인","142699","50%","50%"
"1947","마을에 부는 산들바람","66069",NA,NA
"1948","알렉스 크로스","92129",NA,NA
"1949","킥 애스 2: 겁 없는 녀석들","75711",NA,NA
"1950","귀 없는 토끼","46804",NA,NA
"1951","올드 가드","193173",NA,NA
"1952","미스터 & 미세스 스미스","39892",NA,NA
"1953","파고","18002",NA,NA
"1954","연애의 목적","39863",NA,NA
"1955","오로라 공주","37243",NA,NA
"1956","킬 유어 달링","92004","13%","87%"
"1957","메카닉","71769",NA,NA
"1958","국가부도의 날","164192","55%","45%"
"1959","해피 플라이트","50903",NA,NA
"1960","킹메이커","81833","100%","25%"
"1961","바람의 검심","86343",NA,NA
"1962","잔 다르크","27513",NA,NA
"1963","붉은 가족","99774",NA,NA
"1964","천하장사 마돈나","57805",NA,NA
"1965","싱글즈","36415",NA,NA
"1966","파파","85906",NA,NA
"1967","씬 레드 라인","23850",NA,NA
"1968","프란시스 하","98738","25%","75%"
"1969","프리즈너스","100203",NA,NA
"1970","내겐 너무 사랑스러운 그녀","68946",NA,NA
"1971","카핑 베토벤","64093",NA,NA
"1972","몽상가들","37544","32%","68%"
"1973","조선명탐정: 각시투구꽃의 비밀","76080",NA,NA
"1974","사랑은 언제나 진행중","70564",NA,NA
"1975","크레이지 하트","72355",NA,NA
"1976","하늘에서 음식이 내린다면 2","100950",NA,NA
"1977","12 솔져스","168037","46%","54%"
"1978","아라한 장풍대작전","36956",NA,NA
"1979","문라이즈 킹덤","90537","47%","53%"
"1980","녹터널 애니멀스","143409","32%","68%"
"1981","하나와 앨리스","38461","100%","24%"
"1982","베스트 엑조틱 메리골드 호텔","86134",NA,NA
"1983","나의 산티아고","146311","34%","66%"
"1984","에이리언: 커버넌트","99715","71%","29%"
"1985","심야식당","132665","36%","64%"
"1986","트랜스포머: 패자의 역습","68052",NA,NA
"1987","환생","37200",NA,NA
"1988","세상의 끝까지 21일","91698",NA,NA
"1989","마스터","145162","50%","50%"
"1990","황혼에서 새벽까지","19019",NA,NA
"1991","박열","155716","50%","50%"
"1992","언스토퍼블","70434",NA,NA
"1993","옥희의 영화","75744","41%","59%"
"1994","박수건달","91073",NA,NA
"1995","모모와 다락방의 수상한 요괴들","87716",NA,NA
"1996","색즉시공 시즌 2","62219",NA,NA
"1997","윔블던","39397",NA,NA
"1998","퍼펙트 스톰","29663",NA,NA
"1999","커뮤터","152249","56%","44%"
"2000","명탐정 피카츄","167657","45%","55%"
